field,year,yearly_nox_emissions_tons,org_number,operator
grane ,2022,404.47072,993246298,equinor energy as
grane ,2023,306.38291,993246298,equinor energy as
norne ,1997,2944.992072,893246592,equinor energy as
norne ,1998,1792.114235,893246592,equinor energy as
norne ,1999,1412.344364,893246592,equinor energy as
norne ,2000,2081.221558,893246592,equinor energy as
norne ,2001,1376.130763,893246592,equinor energy as
norne ,2002,1502.420036,893246592,equinor energy as
norne ,2003,1711.978232,893246592,equinor energy as
norne ,2004,1142.860742,893246592,equinor energy as
norne ,2005,1484.109318,893246592,equinor energy as
norne ,2006,1444.832116,893246592,equinor energy as
norne ,2007,1310.120121,893246592,equinor energy as
norne ,2008,1120.377573,893246592,equinor energy as
statfjord ,2005,6313.357907,993246794,equinor energy as
statfjord ,2006,4983.051325,993246794,equinor energy as
statfjord ,2007,4231.17032,993246794,equinor energy as
statfjord ,2008,3495.393796,993246794,equinor energy as
statfjord ,2009,2151.285024,993246794,equinor energy as
statfjord ,2010,2480.481579,993246794,equinor energy as
statfjord ,2011,2357.869188,993246794,equinor energy as
statfjord ,2012,2394.30544,993246794,equinor energy as
statfjord ,2013,2471.098003,993246794,equinor energy as
statfjord ,2014,2666.378968,993246794,equinor energy as
statfjord ,2015,2810.083478,993246794,equinor energy as
statfjord ,2016,2779.971587,993246794,equinor energy as
statfjord ,2017,2655.256948,993246794,equinor energy as
statfjord ,2018,2604.697335,993246794,equinor energy as
statfjord ,2019,2282.223144,993246794,equinor energy as
statfjord ,2020,2568.048691,993246794,equinor energy as
statfjord ,2021,2558.519808,993246794,equinor energy as
statfjord ,2022,2335.053733,993246794,equinor energy as
statfjord ,2023,2406.012828,993246794,equinor energy as
snorre ,1997,1923.405115,993246751,equinor energy as
snorre ,1998,1860.6126,993246751,equinor energy as
snorre ,1999,1561.527725,993246751,equinor energy as
snorre ,2000,2629.35612,993246751,equinor energy as
snorre ,2001,2444.168828,993246751,equinor energy as
snorre ,2002,2322.716078,993246751,equinor energy as
snorre ,2003,1945.015635,993246751,equinor energy as
snorre ,2004,1990.873098,993246751,equinor energy as
snorre ,2005,1986.735864,993246751,equinor energy as
snorre ,2006,1965.620367,993246751,equinor energy as
snorre ,2007,2498.100139,993246751,equinor energy as
snorre ,2008,2382.593266,993246751,equinor energy as
snorre ,2009,2288.686655,993246751,equinor energy as
snorre ,2010,2307.928032,993246751,equinor energy as
snorre ,2011,2452.73744,993246751,equinor energy as
snorre ,2012,2495.982028,993246751,equinor energy as
snorre ,2013,2213.971317,993246751,equinor energy as
snorre ,2014,2591.361728,993246751,equinor energy as
snorre ,2015,2461.584386,993246751,equinor energy as
snorre ,2016,2529.078461,993246751,equinor energy as
snorre ,2017,2240.711523,993246751,equinor energy as
snorre ,2018,2268.902365,993246751,equinor energy as
snorre ,2019,1876.571406,993246751,equinor energy as
snorre ,2020,2531.793956,993246751,equinor energy as
snorre ,2021,2855.991081,993246751,equinor energy as
snorre ,2022,3038.264925,993246751,equinor energy as
snorre ,2023,2125.705411,993246751,equinor energy as
oseberg ,1997,3606.14,993246603,equinor energy as
oseberg ,1998,3632.506,993246603,equinor energy as
oseberg ,1999,3258.08917,993246603,equinor energy as
oseberg ,2000,3353.10718,993246603,equinor energy as
oseberg ,2001,2367.618291,993246603,equinor energy as
oseberg ,2002,3424.521858,993246603,equinor energy as
oseberg ,2003,5081.338257,993246603,equinor energy as
oseberg ,2004,5526.102,993246603,equinor energy as
oseberg ,2005,4707.149,993246603,equinor energy as
oseberg ,2006,5743.331,993246603,equinor energy as
oseberg ,2007,5357.616,993246603,equinor energy as
oseberg ,2008,4762.139133,993246603,equinor energy as
norne ,2009,1046.821945,893246592,equinor energy as
norne ,2010,1528.304846,893246592,equinor energy as
norne ,2011,1400.774031,893246592,equinor energy as
norne ,2012,657.96084,893246592,equinor energy as
norne ,2013,937.810531,893246592,equinor energy as
norne ,2014,787.984169,893246592,equinor energy as
norne ,2015,751.495129,893246592,equinor energy as
norne ,2016,653.724919,893246592,equinor energy as
norne ,2017,804.270954,893246592,equinor energy as
norne ,2018,668.228418,893246592,equinor energy as
norne ,2019,763.600251,893246592,equinor energy as
norne ,2020,754.644176,893246592,equinor energy as
norne ,2021,781.118397,893246592,equinor energy as
norne ,2022,617.761817,893246592,equinor energy as
norne ,2023,427.826347,893246592,equinor energy as
veslefrikk ,1997,973.4661,993246905,equinor energy as
veslefrikk ,1998,1025.471684,993246905,equinor energy as
veslefrikk ,1999,1378.207298,993246905,equinor energy as
veslefrikk ,2000,1491.450056,993246905,equinor energy as
veslefrikk ,2001,1306.450969,993246905,equinor energy as
veslefrikk ,2002,1315.95701,993246905,equinor energy as
veslefrikk ,2003,1207.865912,993246905,equinor energy as
veslefrikk ,2004,1472.773425,993246905,equinor energy as
veslefrikk ,2005,1309.808724,993246905,equinor energy as
veslefrikk ,2006,1420.093804,993246905,equinor energy as
veslefrikk ,2007,1687.807601,993246905,equinor energy as
veslefrikk ,2008,1273.552982,993246905,equinor energy as
veslefrikk ,2009,1240.508321,993246905,equinor energy as
veslefrikk ,2010,1421.548567,993246905,equinor energy as
veslefrikk ,2011,1493.977005,993246905,equinor energy as
veslefrikk ,2012,1234.871214,993246905,equinor energy as
veslefrikk ,2013,1228.284309,993246905,equinor energy as
veslefrikk ,2014,1156.243046,993246905,equinor energy as
veslefrikk ,2015,1125.924872,993246905,equinor energy as
veslefrikk ,2016,913.64267,993246905,equinor energy as
veslefrikk ,2017,798.436116,993246905,equinor energy as
veslefrikk ,2018,695.023861,993246905,equinor energy as
veslefrikk ,2019,739.834736,993246905,equinor energy as
veslefrikk ,2020,632.797604,993246905,equinor energy as
veslefrikk ,2021,680.540555,993246905,equinor energy as
veslefrikk ,2022,179.49898,993246905,equinor energy as
volve ,2007,249.654145,993246875,equinor energy as
volve ,2008,524.796307,993246875,equinor energy as
volve ,2009,507.554597,993246875,equinor energy as
volve ,2010,429.821127,993246875,equinor energy as
volve ,2011,409.849609,993246875,equinor energy as
volve ,2012,401.233311,993246875,equinor energy as
skarv ,2020,208.306016,912728544,aker bp asa
skarv ,2021,436.832126,912728544,aker bp asa
skarv ,2022,317.04109,912728544,aker bp asa
skarv ,2023,299.07632,912728544,aker bp asa
vale ,2001,63.665,912732673,sval energi as
vale ,2005,142.86,912732673,sval energi as
vale ,2023,0.014634,912732673,sval energi as
vigdis ,1997,271.07541,993246751,equinor energy as
vigdis ,1998,90.58,993246751,equinor energy as
vigdis ,1999,353.9095,993246751,equinor energy as
vigdis ,2002,253.26868,993246751,equinor energy as
vigdis ,2003,358.68021,993246751,equinor energy as
vigdis ,2004,282.82254,993246751,equinor energy as
vigdis ,2005,224.80458,993246751,equinor energy as
vigdis ,2006,66.42636,993246751,equinor energy as
vigdis ,2007,247.69353,993246751,equinor energy as
vigdis ,2008,265.5485,993246751,equinor energy as
vigdis ,2009,170.032464,993246751,equinor energy as
vigdis ,2010,131.61645,993246751,equinor energy as
vigdis ,2011,324.80595,993246751,equinor energy as
vigdis ,2012,397.122775,993246751,equinor energy as
vigdis ,2013,437.797791,993246751,equinor energy as
vigdis ,2014,148.449682,993246751,equinor energy as
vigdis ,2015,129.854664,993246751,equinor energy as
vigdis ,2016,74.736918,993246751,equinor energy as
vigdis ,2017,68.93181,993246751,equinor energy as
vigdis ,2018,19.368315,993246751,equinor energy as
vigdis ,2019,52.149433,993246751,equinor energy as
vigdis ,2020,362.194176,993246751,equinor energy as
vigdis ,2021,36.397289,993246751,equinor energy as
vigdis ,2022,7.079571,993246751,equinor energy as
vigdis ,2023,106.185733,993246751,equinor energy as
hod ,2003,9.53148,974313316,aker bp asa
hod ,2004,11.4604,974313316,aker bp asa
hod ,2005,15.041039,974313316,aker bp asa
hod ,2006,17.2872,974313316,aker bp asa
hod ,2007,13.4358,974313316,aker bp asa
hod ,2008,9.1938,974313316,aker bp asa
hod ,2009,13.65,974313316,aker bp asa
hod ,2010,12.844,974313316,aker bp asa
hod ,2011,16.54,974313316,aker bp asa
hod ,2012,12.474,974313316,aker bp asa
hod ,2013,9.95148,974313316,aker bp asa
hod ,2014,7.525881,974313316,aker bp asa
hod ,2015,7.188711,974313316,aker bp asa
hod ,2016,6.664806,974313316,aker bp asa
hod ,2017,7.698078,974313316,aker bp asa
hod ,2018,7.249651,974313316,aker bp asa
hod ,2019,7.454146,974313316,aker bp asa
hod ,2020,5.847045,974313316,aker bp asa
hod ,2021,6.723506,974313316,aker bp asa
hod ,2022,6.594615,974313316,aker bp asa
hod ,2023,6.247147,974313316,aker bp asa
statfjord nord ,2003,143.946005,993246794,equinor energy as
statfjord nord ,2009,111.432497,993246794,equinor energy as
statfjord nord ,2010,62.53632,993246794,equinor energy as
statfjord nord ,2012,15.5316,993246794,equinor energy as
statfjord nord ,2014,26.4537,993246794,equinor energy as
statfjord nord ,2015,79.85871,993246794,equinor energy as
statfjord nord ,2016,57.11229,993246794,equinor energy as
statfjord nord ,2017,5.72508,993246794,equinor energy as
statfjord nord ,2018,3.46275,993246794,equinor energy as
statfjord nord ,2019,3.436416,993246794,equinor energy as
statfjord nord ,2021,8.011093,993246794,equinor energy as
statfjord nord ,2022,95.623992,993246794,equinor energy as
statfjord nord ,2023,14.121881,993246794,equinor energy as
statfjord øst ,2006,27.14712,993246794,equinor energy as
statfjord øst ,2007,66.143,993246794,equinor energy as
statfjord øst ,2008,47.8975,993246794,equinor energy as
statfjord øst ,2009,106.53678,993246794,equinor energy as
statfjord øst ,2010,79.88778,993246794,equinor energy as
statfjord øst ,2011,27.8334,993246794,equinor energy as
statfjord øst ,2012,27.94995,993246794,equinor energy as
statfjord øst ,2013,25.2567,993246794,equinor energy as
statfjord øst ,2014,13.8852,993246794,equinor energy as
statfjord øst ,2015,50.18679,993246794,equinor energy as
statfjord øst ,2022,9.53879,993246794,equinor energy as
statfjord øst ,2023,301.778719,993246794,equinor energy as
sygna ,2003,31.49475,993246794,equinor energy as
sygna ,2006,27.027,993246794,equinor energy as
sygna ,2009,6.69186,993246794,equinor energy as
sygna ,2010,16.16706,993246794,equinor energy as
sygna ,2015,3.00105,993246794,equinor energy as
sygna ,2016,13.66632,993246794,equinor energy as
sygna ,2017,47.0934,993246794,equinor energy as
sygna ,2018,11.31165,993246794,equinor energy as
sygna ,2022,3.577046,993246794,equinor energy as
sygna ,2023,0.376747,993246794,equinor energy as
oseberg sør ,1999,413.287,993246603,equinor energy as
oseberg sør ,2000,423.369433,993246603,equinor energy as
oseberg sør ,2001,1391.311546,993246603,equinor energy as
oseberg sør ,2002,892.494024,993246603,equinor energy as
oseberg sør ,2003,840.335683,993246603,equinor energy as
oseberg sør ,2004,1049.349,993246603,equinor energy as
oseberg sør ,2005,1795.498,993246603,equinor energy as
oseberg sør ,2006,968.314,993246603,equinor energy as
oseberg sør ,2007,799.493,993246603,equinor energy as
oseberg sør ,2008,1036.602927,993246603,equinor energy as
oseberg sør ,2009,892.291339,993246603,equinor energy as
oseberg sør ,2010,728.11374,993246603,equinor energy as
oseberg sør ,2011,815.045675,993246603,equinor energy as
oseberg sør ,2012,1056.476881,993246603,equinor energy as
oseberg sør ,2013,1182.542001,993246603,equinor energy as
oseberg sør ,2014,767.152364,993246603,equinor energy as
oseberg sør ,2015,888.463277,993246603,equinor energy as
oseberg sør ,2016,922.031578,993246603,equinor energy as
oseberg sør ,2017,873.248365,993246603,equinor energy as
oseberg sør ,2018,755.45764,993246603,equinor energy as
oseberg sør ,2019,785.303532,993246603,equinor energy as
oseberg sør ,2020,820.271497,993246603,equinor energy as
oseberg sør ,2021,871.820473,993246603,equinor energy as
oseberg sør ,2022,805.720426,993246603,equinor energy as
oseberg sør ,2023,799.476252,993246603,equinor energy as
oseberg øst ,1999,611.391754,993246603,equinor energy as
oseberg øst ,2000,471.70098,993246603,equinor energy as
oseberg øst ,2001,496.099235,993246603,equinor energy as
oseberg øst ,2002,382.272882,993246603,equinor energy as
oseberg øst ,2003,376.156865,993246603,equinor energy as
oseberg øst ,2004,378.334,993246603,equinor energy as
oseberg øst ,2005,364.223,993246603,equinor energy as
oseberg øst ,2006,321.734,993246603,equinor energy as
oseberg øst ,2007,344.544,993246603,equinor energy as
oseberg øst ,2008,327.987361,993246603,equinor energy as
oseberg ,2009,4503.325026,993246603,equinor energy as
oseberg ,2010,4800.82494,993246603,equinor energy as
oseberg ,2011,4889.896637,993246603,equinor energy as
oseberg ,2012,4017.187084,993246603,equinor energy as
oseberg ,2013,3618.742109,993246603,equinor energy as
oseberg ,2014,3676.532441,993246603,equinor energy as
oseberg ,2015,3981.948566,993246603,equinor energy as
oseberg ,2016,3601.153562,993246603,equinor energy as
oseberg ,2017,3466.914935,993246603,equinor energy as
oseberg ,2018,3591.363277,993246603,equinor energy as
oseberg ,2019,3450.257942,993246603,equinor energy as
oseberg ,2020,2450.115241,993246603,equinor energy as
oseberg ,2021,3182.818947,993246603,equinor energy as
oseberg ,2022,3177.507344,993246603,equinor energy as
oseberg ,2023,2894.07639,993246603,equinor energy as
jotun ,1998,23.45,993256978,vår energi asa
jotun ,1999,641.38664,993256978,vår energi asa
jotun ,2000,851.792021,993256978,vår energi asa
jotun ,2001,670.126559,993256978,vår energi asa
jotun ,2002,755.973097,993256978,vår energi asa
jotun ,2003,742.858236,993256978,vår energi asa
jotun ,2004,793.064982,993256978,vår energi asa
jotun ,2005,552.755428,993256978,vår energi asa
jotun ,2006,545.097459,993256978,vår energi asa
jotun ,2007,502.528575,993256978,vår energi asa
jotun ,2008,466.812245,993256978,vår energi asa
jotun ,2009,503.489,993256978,vår energi asa
jotun ,2010,495.019,993256978,vår energi asa
jotun ,2011,553.004377,993256978,vår energi asa
jotun ,2012,707.083543,993256978,vår energi asa
jotun ,2013,871.761112,993256978,vår energi asa
jotun ,2014,979.551179,993256978,vår energi asa
jotun ,2015,833.653956,993256978,vår energi asa
jotun ,2016,573.211035,993256978,vår energi asa
jotun ,2017,601.939145,993256978,vår energi asa
jotun ,2018,697.65975,993256978,vår energi asa
jotun ,2019,614.657628,993256978,vår energi asa
jotun ,2020,227.203582,993256978,vår energi asa
heimdal ,1997,270.76,993246492,equinor energy as
heimdal ,1998,336.162,993246492,equinor energy as
heimdal ,1999,327.42145,993246492,equinor energy as
heimdal ,2000,196.398132,993246492,equinor energy as
heimdal ,2001,740.862438,993246492,equinor energy as
heimdal ,2002,580.97784,993246492,equinor energy as
heimdal ,2003,410.008201,993246492,equinor energy as
heimdal ,2004,441.975,993246492,equinor energy as
heimdal ,2005,516.898,993246492,equinor energy as
heimdal ,2006,570.179,993246492,equinor energy as
heimdal ,2007,362.774,993246492,equinor energy as
heimdal ,2008,387.879274,993246492,equinor energy as
heimdal ,2009,449.916971,993246492,equinor energy as
heimdal ,2010,411.593133,993246492,equinor energy as
heimdal ,2011,404.986528,993246492,equinor energy as
heimdal ,2012,387.711469,993246492,equinor energy as
heimdal ,2013,386.138649,993246492,equinor energy as
heimdal ,2014,647.182798,993246492,equinor energy as
heimdal ,2015,366.022536,993246492,equinor energy as
heimdal ,2016,387.371812,993246492,equinor energy as
heimdal ,2017,418.755344,993246492,equinor energy as
heimdal ,2018,372.94226,993246492,equinor energy as
heimdal ,2019,383.42277,993246492,equinor energy as
heimdal ,2020,400.010415,993246492,equinor energy as
heimdal ,2021,274.370123,993246492,equinor energy as
heimdal ,2022,197.471778,993246492,equinor energy as
heimdal ,2023,185.825105,993246492,equinor energy as
skirne ,2003,164.8752,912726614,totalenergies ep norge as
skirne ,2023,11.4,912726614,totalenergies ep norge as
vilje ,2006,32.19,912726444,aker bp asa
vilje ,2007,152.237,912726444,aker bp asa
vilje ,2013,31.24142,912726444,aker bp asa
vilje ,2014,15.545455,912726444,aker bp asa
alve ,2008,69.734,893246592,equinor energy as
alve ,2009,118.85454,893246592,equinor energy as
alve ,2010,118.02546,893246592,equinor energy as
alve ,2011,111.68892,893246592,equinor energy as
alve ,2016,27.96917,893246592,equinor energy as
alve ,2022,61.982156,893246592,equinor energy as
rev ,2012,84.719022,812729322,repsol norge as
vega ,2009,195.95898,985234930,wintershall dea norge as
vega ,2011,382.309248,985234930,wintershall dea norge as
vega ,2014,37.163863,985234930,wintershall dea norge as
vega ,2016,3.3516,985234930,wintershall dea norge as
oselvar ,2012,265.615473,912727580,dno norge as
oselvar ,2021,39.940425,912727580,dno norge as
goliat ,2012,43.525185,812726242,vår energi asa
goliat ,2013,323.667689,812726242,vår energi asa
goliat ,2014,598.092165,812726242,vår energi asa
goliat ,2015,772.847393,812726242,vår energi asa
goliat ,2016,464.585949,812726242,vår energi asa
goliat ,2017,320.528464,812726242,vår energi asa
goliat ,2018,343.432016,812726242,vår energi asa
goliat ,2019,48.653602,812726242,vår energi asa
goliat ,2020,72.80671,812726242,vår energi asa
goliat ,2021,201.296429,812726242,vår energi asa
goliat ,2022,66.732952,812726242,vår energi asa
goliat ,2023,72.508489,812726242,vår energi asa
yme ,1997,1317.52365,920149790,repsol norge as
yme ,1998,880.1175,920149790,repsol norge as
yme ,1999,959.037624,920149790,repsol norge as
yme ,2000,758.774564,920149790,repsol norge as
yme ,2001,302.63068,920149790,repsol norge as
yme ,2009,262.139,920149790,repsol norge as
yme ,2010,169.764,920149790,repsol norge as
yme ,2011,240.48394,920149790,repsol norge as
yme ,2012,592.80228,920149790,repsol norge as
yme ,2014,38.87514,920149790,repsol norge as
yme ,2015,37.675575,920149790,repsol norge as
yme ,2018,33.018244,920149790,repsol norge as
yme ,2019,60.404176,920149790,repsol norge as
yme ,2020,42.950557,920149790,repsol norge as
yme ,2021,201.997591,920149790,repsol norge as
yme ,2022,410.79148,920149790,repsol norge as
yme ,2023,334.798502,920149790,repsol norge as
morvin ,2009,95.81796,997004825,equinor energy as
morvin ,2010,706.90914,997004825,equinor energy as
morvin ,2011,320.61708,997004825,equinor energy as
morvin ,2012,1.76085,997004825,equinor energy as
morvin ,2013,39.0222,997004825,equinor energy as
morvin ,2017,7.29486,997004825,equinor energy as
morvin ,2018,6.78699,997004825,equinor energy as
draupner ,1998,25.38,993257621,gassco as
draupner ,1999,16.194844,993257621,gassco as
draupner ,2000,0.0,993257621,gassco as
draupner ,2001,32.951428,993257621,gassco as
draupner ,2002,30.6,993257621,gassco as
draupner ,2003,20.15,993257621,gassco as
draupner ,2004,22.4,993257621,gassco as
draupner ,2005,23.3,993257621,gassco as
draupner ,2006,23.7,993257621,gassco as
draupner ,2007,18.8,993257621,gassco as
draupner ,2008,21.67,993257621,gassco as
draupner ,2009,17.445,993257621,gassco as
troll ,1997,1466.5564,912732401,equinor energy as
troll ,1998,2028.0433,912732401,equinor energy as
volve ,2013,350.807646,993246875,equinor energy as
volve ,2014,237.956687,993246875,equinor energy as
volve ,2015,129.728402,993246875,equinor energy as
volve ,2016,152.842862,993246875,equinor energy as
gullfaks ,1997,3905.798,993246328,equinor energy as
gullfaks ,1998,4121.536268,993246328,equinor energy as
gullfaks ,1999,3940.519024,993246328,equinor energy as
gullfaks ,2000,5196.725738,993246328,equinor energy as
gullfaks ,2001,5769.330776,993246328,equinor energy as
gullfaks ,2002,4806.074465,993246328,equinor energy as
gullfaks ,2003,4505.975431,993246328,equinor energy as
gullfaks ,2004,4665.059317,993246328,equinor energy as
gullfaks ,2005,4350.086888,993246328,equinor energy as
gullfaks ,2006,4319.843051,993246328,equinor energy as
gullfaks ,2007,3746.823219,993246328,equinor energy as
gullfaks ,2008,3757.199317,993246328,equinor energy as
gullfaks ,2009,3675.901487,993246328,equinor energy as
gullfaks ,2010,3127.300282,993246328,equinor energy as
gullfaks ,2011,2483.434652,993246328,equinor energy as
gullfaks ,2012,2789.898999,993246328,equinor energy as
gullfaks ,2013,3296.287038,993246328,equinor energy as
gullfaks ,2014,3479.164844,993246328,equinor energy as
gullfaks ,2015,3433.875419,993246328,equinor energy as
gullfaks ,2016,3460.504843,993246328,equinor energy as
gullfaks ,2017,3676.152916,993246328,equinor energy as
gullfaks ,2018,3745.300747,993246328,equinor energy as
gullfaks ,2019,3355.98638,993246328,equinor energy as
gullfaks ,2020,2860.165683,993246328,equinor energy as
gullfaks ,2021,2965.751013,993246328,equinor energy as
gullfaks ,2022,2452.376417,993246328,equinor energy as
gullfaks ,2023,2110.410168,993246328,equinor energy as
fram ,2002,188.58,973861778,equinor energy as
fram ,2003,177.905,973861778,equinor energy as
fram ,2006,139.944,973861778,equinor energy as
fram ,2007,410.61,973861778,equinor energy as
fram ,2008,366.282,973861778,equinor energy as
fram ,2010,39.52935,973861778,equinor energy as
fram ,2012,21.546,973861778,equinor energy as
fram ,2013,62.8425,973861778,equinor energy as
fram ,2014,193.621179,973861778,equinor energy as
fram ,2015,12.97377,973861778,equinor energy as
fram ,2016,106.328352,973861778,equinor energy as
fram ,2018,21.60756,973861778,equinor energy as
fram ,2019,279.354562,973861778,equinor energy as
fram ,2020,2.608263,973861778,equinor energy as
fram ,2021,1.229609,973861778,equinor energy as
fram ,2023,167.845392,973861778,equinor energy as
brage ,1997,856.78,993245437,okea asa
brage ,1998,815.15,993245437,okea asa
brage ,1999,793.88157,993245437,okea asa
brage ,2000,765.528376,993245437,okea asa
brage ,2001,911.519336,993245437,okea asa
brage ,2002,1114.0425,993245437,okea asa
brage ,2003,851.772113,993245437,okea asa
brage ,2004,862.188,993245437,okea asa
brage ,2005,955.239,993245437,okea asa
brage ,2006,997.241,993245437,okea asa
brage ,2007,773.57,993245437,okea asa
brage ,2008,833.426959,993245437,okea asa
brage ,2009,795.653626,993245437,okea asa
brage ,2010,774.375137,993245437,okea asa
brage ,2011,735.981907,993245437,okea asa
brage ,2012,698.606749,993245437,okea asa
brage ,2013,570.924297,993245437,okea asa
brage ,2014,552.826668,993245437,okea asa
brage ,2015,801.32839,993245437,okea asa
brage ,2016,639.74111,993245437,okea asa
brage ,2017,607.52819,993245437,okea asa
brage ,2018,594.453863,993245437,okea asa
brage ,2019,729.312279,993245437,okea asa
brage ,2020,615.478506,993245437,okea asa
troll ,1999,2682.226598,912732401,equinor energy as
troll ,2000,4103.639711,912732401,equinor energy as
troll ,2001,4795.640985,912732401,equinor energy as
troll ,2002,4506.707244,912732401,equinor energy as
troll ,2003,4524.701123,912732401,equinor energy as
troll ,2004,5199.09151,912732401,equinor energy as
troll ,2005,4686.565335,912732401,equinor energy as
troll ,2006,4952.217278,912732401,equinor energy as
troll ,2007,4634.542547,912732401,equinor energy as
troll ,2008,4506.57973,912732401,equinor energy as
troll ,2009,4498.867944,912732401,equinor energy as
troll ,2010,4396.737072,912732401,equinor energy as
troll ,2011,5438.668861,912732401,equinor energy as
troll ,2012,4631.69044,912732401,equinor energy as
troll ,2013,4985.552433,912732401,equinor energy as
troll ,2014,5254.443009,912732401,equinor energy as
troll ,2015,4684.520592,912732401,equinor energy as
troll ,2016,4717.42806,912732401,equinor energy as
troll ,2017,4421.718623,912732401,equinor energy as
troll ,2018,4271.850811,912732401,equinor energy as
troll ,2019,4059.185352,912732401,equinor energy as
troll ,2020,3970.746891,912732401,equinor energy as
troll ,2021,3528.375503,912732401,equinor energy as
troll ,2022,3388.800603,912732401,equinor energy as
troll ,2023,2468.015353,912732401,equinor energy as
trym ,2011,199.253,912727637,dno norge as
trym ,2023,2.7189,912727637,dno norge as
gaupe ,2011,94.79,912729990,a/s norske shell
gaupe ,2023,7.265875,912729990,a/s norske shell
knarr ,2013,120.466507,912730026,a/s norske shell
knarr ,2014,193.437166,912730026,a/s norske shell
knarr ,2015,258.911551,912730026,a/s norske shell
knarr ,2016,238.705003,912730026,a/s norske shell
knarr ,2017,149.816686,912730026,a/s norske shell
knarr ,2018,171.050509,912730026,a/s norske shell
knarr ,2019,181.656183,912730026,a/s norske shell
knarr ,2020,174.185323,912730026,a/s norske shell
knarr ,2021,197.843302,912730026,a/s norske shell
knarr ,2022,104.546431,912730026,a/s norske shell
knarr ,2023,24.815759,912730026,a/s norske shell
marulk ,2011,223.72,912726312,vår energi asa
marulk ,2012,364.1995,912726312,vår energi asa
marulk ,2019,92.52662,912726312,vår energi asa
gudrun ,2011,108.98685,912732711,equinor energy as
valhall ,1997,1255.236,974313316,aker bp asa
valhall ,1998,1332.5883,974313316,aker bp asa
valhall ,1999,1152.839546,974313316,aker bp asa
valhall ,2000,1075.740004,974313316,aker bp asa
valhall ,2001,1189.21309,974313316,aker bp asa
valhall ,2002,1131.831164,974313316,aker bp asa
valhall ,2003,1227.640471,974313316,aker bp asa
valhall ,2004,1126.062452,974313316,aker bp asa
valhall ,2005,1046.388135,974313316,aker bp asa
valhall ,2006,864.521613,974313316,aker bp asa
valhall ,2007,633.388584,974313316,aker bp asa
valhall ,2008,607.969226,974313316,aker bp asa
valhall ,2009,701.94,974313316,aker bp asa
valhall ,2010,1232.907,974313316,aker bp asa
valhall ,2011,1049.409,974313316,aker bp asa
valhall ,2012,790.783708,974313316,aker bp asa
valhall ,2013,523.148921,974313316,aker bp asa
valhall ,2014,388.781121,974313316,aker bp asa
valhall ,2015,359.651759,974313316,aker bp asa
valhall ,2016,204.066065,974313316,aker bp asa
valhall ,2017,71.709167,974313316,aker bp asa
valhall ,2018,131.936478,974313316,aker bp asa
valhall ,2019,568.246225,974313316,aker bp asa
valhall ,2020,221.897938,974313316,aker bp asa
valhall ,2021,254.717981,974313316,aker bp asa
valhall ,2022,154.80881,974313316,aker bp asa
valhall ,2023,74.043406,974313316,aker bp asa
sleipner vest ,2003,1204.899882,993246646,equinor energy as
sleipner vest ,2004,940.221463,993246646,equinor energy as
sleipner vest ,2005,1150.855153,993246646,equinor energy as
sleipner vest ,2006,1357.226415,993246646,equinor energy as
sleipner vest ,2007,1333.542588,993246646,equinor energy as
sleipner vest ,2008,1425.898232,993246646,equinor energy as
sleipner vest ,2009,1426.43289,993246646,equinor energy as
sleipner vest ,2010,1572.383342,993246646,equinor energy as
sleipner vest ,2011,1512.543329,993246646,equinor energy as
sleipner vest ,2012,1273.997568,993246646,equinor energy as
sleipner vest ,2013,1188.360344,993246646,equinor energy as
sleipner vest ,2014,1102.536168,993246646,equinor energy as
sleipner vest ,2015,1171.756155,993246646,equinor energy as
sleipner vest ,2016,1128.676983,993246646,equinor energy as
sleipner vest ,2017,1307.195807,993246646,equinor energy as
sleipner vest ,2018,1211.385697,993246646,equinor energy as
sleipner vest ,2019,1273.465917,993246646,equinor energy as
sleipner vest ,2020,1067.355906,993246646,equinor energy as
sleipner vest ,2021,1002.040466,993246646,equinor energy as
sleipner vest ,2022,761.143657,993246646,equinor energy as
sleipner vest ,2023,708.601104,993246646,equinor energy as
gyda ,1997,380.18,993258253,repsol norge as
gyda ,1998,353.98534,993258253,repsol norge as
gyda ,1999,312.332063,993258253,repsol norge as
gyda ,2000,298.748972,993258253,repsol norge as
gyda ,2001,319.68899,993258253,repsol norge as
gyda ,2002,324.637902,993258253,repsol norge as
gyda ,2003,273.547152,993258253,repsol norge as
oseberg øst ,2009,298.176922,993246603,equinor energy as
oseberg øst ,2010,289.561644,993246603,equinor energy as
oseberg øst ,2011,297.189014,993246603,equinor energy as
oseberg øst ,2012,332.699855,993246603,equinor energy as
oseberg øst ,2013,318.599788,993246603,equinor energy as
oseberg øst ,2014,360.158892,993246603,equinor energy as
oseberg øst ,2015,382.235145,993246603,equinor energy as
oseberg øst ,2016,604.997747,993246603,equinor energy as
oseberg øst ,2017,593.49743,993246603,equinor energy as
oseberg øst ,2018,588.248311,993246603,equinor energy as
oseberg øst ,2019,330.397067,993246603,equinor energy as
oseberg øst ,2020,332.899178,993246603,equinor energy as
oseberg øst ,2021,338.087367,993246603,equinor energy as
oseberg øst ,2022,345.246706,993246603,equinor energy as
oseberg øst ,2023,335.819711,993246603,equinor energy as
tune ,2001,166.005,993246603,equinor energy as
tune ,2002,179.55,993246603,equinor energy as
tune ,2003,35.09054,993246603,equinor energy as
tune ,2004,131.912,993246603,equinor energy as
tune ,2005,75.565,993246603,equinor energy as
tune ,2008,13.209,993246603,equinor energy as
tune ,2009,163.09188,993246603,equinor energy as
mikkel ,2003,158.659213,993247006,equinor energy as
mikkel ,2020,62.025591,993247006,equinor energy as
yttergryta ,2008,99.028226,993247006,equinor energy as
yttergryta ,2011,9.39645,993247006,equinor energy as
yttergryta ,2013,9.6957,993247006,equinor energy as
yttergryta ,2014,27.192078,993247006,equinor energy as
tyrihans ,2008,410.456542,993246522,equinor energy as
tyrihans ,2009,433.041996,993246522,equinor energy as
tyrihans ,2010,570.872796,993246522,equinor energy as
tyrihans ,2011,572.17134,993246522,equinor energy as
tyrihans ,2012,499.59607,993246522,equinor energy as
tyrihans ,2013,222.514851,993246522,equinor energy as
tyrihans ,2014,113.420564,993246522,equinor energy as
tyrihans ,2015,16.1595,993246522,equinor energy as
tyrihans ,2016,8.047431,993246522,equinor energy as
tyrihans ,2017,11.21931,993246522,equinor energy as
tyrihans ,2018,192.018465,993246522,equinor energy as
tyrihans ,2019,24.539158,993246522,equinor energy as
tyrihans ,2020,17.587144,993246522,equinor energy as
tyrihans ,2021,127.712051,993246522,equinor energy as
tyrihans ,2022,3.948578,993246522,equinor energy as
tyrihans ,2023,8.249707,993246522,equinor energy as
volund ,2009,101.824,912726444,aker bp asa
volund ,2010,115.438,912726444,aker bp asa
volund ,2012,83.950507,912726444,aker bp asa
volund ,2016,41.141859,912726444,aker bp asa
volund ,2017,143.167508,912726444,aker bp asa
volund ,2019,28.52964,912726444,aker bp asa
volund ,2021,28.68728,912726444,aker bp asa
urd ,2004,205.8714,893246592,equinor energy as
urd ,2005,440.51448,893246592,equinor energy as
urd ,2006,309.18888,893246592,equinor energy as
urd ,2007,132.286,893246592,equinor energy as
urd ,2008,63.3675,893246592,equinor energy as
urd ,2011,224.4438,893246592,equinor energy as
urd ,2012,167.60555,893246592,equinor energy as
urd ,2013,274.8312,893246592,equinor energy as
urd ,2014,20.643325,893246592,equinor energy as
urd ,2015,33.120203,893246592,equinor energy as
urd ,2016,69.93216,893246592,equinor energy as
urd ,2017,9.60336,893246592,equinor energy as
urd ,2019,31.271625,893246592,equinor energy as
urd ,2020,5.179265,893246592,equinor energy as
urd ,2022,41.895,893246592,equinor energy as
urd ,2023,63.245389,893246592,equinor energy as
tambar ,2007,117.642,993302392,aker bp asa
tambar ,2017,53.767701,993302392,aker bp asa
tambar ,2018,71.675864,993302392,aker bp asa
tambar ,2021,22.282155,993302392,aker bp asa
huldra ,2000,163.2862,993246905,equinor energy as
huldra ,2001,429.733381,993246905,equinor energy as
huldra ,2002,216.45806,993246905,equinor energy as
huldra ,2003,96.82386,993246905,equinor energy as
huldra ,2004,85.64556,993246905,equinor energy as
huldra ,2005,92.25216,993246905,equinor energy as
huldra ,2006,98.4984,993246905,equinor energy as
huldra ,2007,153.539697,993246905,equinor energy as
huldra ,2008,169.12807,993246905,equinor energy as
huldra ,2009,186.864606,993246905,equinor energy as
huldra ,2010,189.79016,993246905,equinor energy as
huldra ,2011,190.507391,993246905,equinor energy as
huldra ,2012,177.610608,993246905,equinor energy as
huldra ,2013,163.257673,993246905,equinor energy as
huldra ,2014,152.490367,993246905,equinor energy as
huldra ,2015,61.920681,993246905,equinor energy as
huldra ,2016,116.8213,993246905,equinor energy as
huldra ,2017,33.113936,993246905,equinor energy as
gullfaks sør ,2003,271.27478,993246328,equinor energy as
gullfaks sør ,2004,272.3721,993246328,equinor energy as
gullfaks sør ,2005,288.288,993246328,equinor energy as
gullfaks sør ,2006,385.66766,993246328,equinor energy as
gullfaks sør ,2007,435.31922,993246328,equinor energy as
gullfaks sør ,2008,16.6005,993246328,equinor energy as
gullfaks sør ,2009,307.76634,993246328,equinor energy as
gullfaks sør ,2010,98.42364,993246328,equinor energy as
gullfaks sør ,2011,1042.587,993246328,equinor energy as
gullfaks sør ,2012,1329.974541,993246328,equinor energy as
gullfaks sør ,2013,1159.169162,993246328,equinor energy as
gullfaks sør ,2014,892.039759,993246328,equinor energy as
gullfaks sør ,2015,634.714981,993246328,equinor energy as
gullfaks sør ,2016,179.853032,993246328,equinor energy as
gullfaks sør ,2017,9.51615,993246328,equinor energy as
gullfaks sør ,2018,264.594285,993246328,equinor energy as
gullfaks sør ,2019,233.433495,993246328,equinor energy as
gullfaks sør ,2020,286.387557,993246328,equinor energy as
gullfaks sør ,2021,376.900108,993246328,equinor energy as
gullfaks sør ,2022,267.010654,993246328,equinor energy as
gullfaks sør ,2023,43.98894,993246328,equinor energy as
tordis ,1997,51.4694,993246328,equinor energy as
tordis ,1998,188.23,993246328,equinor energy as
tordis ,1999,156.1875,993246328,equinor energy as
tordis ,2002,293.2972,993246328,equinor energy as
tordis ,2004,62.28222,993246328,equinor energy as
tordis ,2006,159.51936,993246328,equinor energy as
tordis ,2007,61.75351,993246328,equinor energy as
tordis ,2008,9.877,993246328,equinor energy as
tordis ,2009,72.978582,993246328,equinor energy as
tordis ,2010,67.64616,993246328,equinor energy as
tordis ,2012,106.55085,993246328,equinor energy as
tordis ,2013,152.168625,993246328,equinor energy as
tordis ,2014,275.704873,993246328,equinor energy as
tordis ,2015,116.643888,993246328,equinor energy as
tordis ,2016,123.372396,993246328,equinor energy as
tordis ,2017,38.92131,993246328,equinor energy as
tordis ,2018,6.04827,993246328,equinor energy as
tordis ,2019,12.888543,993246328,equinor energy as
tordis ,2020,65.7088,993246328,equinor energy as
tordis ,2021,108.978375,993246328,equinor energy as
tordis ,2022,3.31622,993246328,equinor energy as
tordis ,2023,15.575056,993246328,equinor energy as
eldfisk ,1997,777.493376,872450912,conocophillips skandinavia as
eldfisk ,1998,771.30776,872450912,conocophillips skandinavia as
eldfisk ,1999,917.855864,872450912,conocophillips skandinavia as
eldfisk ,2000,1072.079791,872450912,conocophillips skandinavia as
eldfisk ,2001,900.914754,872450912,conocophillips skandinavia as
eldfisk ,2002,894.561128,872450912,conocophillips skandinavia as
eldfisk ,2003,957.587915,872450912,conocophillips skandinavia as
eldfisk ,2004,929.37352,872450912,conocophillips skandinavia as
eldfisk ,2005,772.42108,872450912,conocophillips skandinavia as
eldfisk ,2006,943.443221,872450912,conocophillips skandinavia as
eldfisk ,2007,561.26906,872450912,conocophillips skandinavia as
eldfisk ,2008,838.34503,872450912,conocophillips skandinavia as
eldfisk ,2009,791.630701,872450912,conocophillips skandinavia as
eldfisk ,2010,825.251771,872450912,conocophillips skandinavia as
eldfisk ,2011,679.85639,872450912,conocophillips skandinavia as
eldfisk ,2012,568.68,872450912,conocophillips skandinavia as
eldfisk ,2013,773.805848,872450912,conocophillips skandinavia as
eldfisk ,2014,974.050727,872450912,conocophillips skandinavia as
eldfisk ,2015,700.446594,872450912,conocophillips skandinavia as
eldfisk ,2016,422.134931,872450912,conocophillips skandinavia as
eldfisk ,2017,349.838672,872450912,conocophillips skandinavia as
eldfisk ,2018,329.869835,872450912,conocophillips skandinavia as
eldfisk ,2019,569.081725,872450912,conocophillips skandinavia as
eldfisk ,2020,516.849824,872450912,conocophillips skandinavia as
brage ,2021,663.919573,993245437,okea asa
brage ,2022,797.467778,993245437,okea asa
brage ,2023,749.714042,993245437,okea asa
balder ,1997,193.802116,993256951,vår energi asa
balder ,1998,419.833744,993256951,vår energi asa
balder ,1999,272.89796,993256951,vår energi asa
balder ,2000,2542.756728,993256951,vår energi asa
balder ,2001,2136.837885,993256951,vår energi asa
balder ,2002,1763.428358,993256951,vår energi asa
balder ,2003,1417.029392,993256951,vår energi asa
balder ,2004,1523.381957,993256951,vår energi asa
balder ,2005,1367.973643,993256951,vår energi asa
balder ,2006,1657.585565,993256951,vår energi asa
balder ,2007,1329.413711,993256951,vår energi asa
balder ,2008,1277.20677,993256951,vår energi asa
gyda ,2004,279.142263,993258253,repsol norge as
gyda ,2005,270.068385,993258253,repsol norge as
gyda ,2006,260.162736,993258253,repsol norge as
gyda ,2007,213.220775,993258253,repsol norge as
gyda ,2008,255.940993,993258253,repsol norge as
gyda ,2009,248.639,993258253,repsol norge as
gyda ,2010,245.638,993258253,repsol norge as
gyda ,2011,238.558,993258253,repsol norge as
gyda ,2012,213.524217,993258253,repsol norge as
gyda ,2013,281.154315,993258253,repsol norge as
gyda ,2014,118.630668,993258253,repsol norge as
gyda ,2015,89.640457,993258253,repsol norge as
gyda ,2016,81.715018,993258253,repsol norge as
gyda ,2017,81.167492,993258253,repsol norge as
gyda ,2018,63.235361,993258253,repsol norge as
gyda ,2019,78.632865,993258253,repsol norge as
gyda ,2020,58.635216,993258253,repsol norge as
gyda ,2021,74.48768,993258253,repsol norge as
glitne ,2000,63.98,993245569,equinor energy as
glitne ,2001,394.238736,993245569,equinor energy as
glitne ,2002,214.821775,993245569,equinor energy as
glitne ,2003,395.841556,993245569,equinor energy as
glitne ,2004,528.253811,993245569,equinor energy as
glitne ,2005,399.228847,993245569,equinor energy as
glitne ,2006,377.551705,993245569,equinor energy as
glitne ,2007,469.506557,993245569,equinor energy as
glitne ,2008,357.122039,993245569,equinor energy as
glitne ,2009,149.681292,993245569,equinor energy as
glitne ,2010,209.0265,993245569,equinor energy as
glitne ,2011,414.223062,993245569,equinor energy as
glitne ,2012,630.951366,993245569,equinor energy as
glitne ,2013,255.707791,993245569,equinor energy as
glitne ,2014,72.376947,993245569,equinor energy as
åsgard ,1997,1089.6454,993247006,equinor energy as
åsgard ,1998,1697.1195,993247006,equinor energy as
åsgard ,1999,3125.395584,993247006,equinor energy as
åsgard ,2000,3049.862737,993247006,equinor energy as
åsgard ,2001,2241.41677,993247006,equinor energy as
åsgard ,2002,1717.458631,993247006,equinor energy as
åsgard ,2003,1850.789062,993247006,equinor energy as
åsgard ,2004,2327.716536,993247006,equinor energy as
åsgard ,2005,2223.689078,993247006,equinor energy as
åsgard ,2006,2213.050093,993247006,equinor energy as
åsgard ,2007,2126.045972,993247006,equinor energy as
åsgard ,2008,2252.598417,993247006,equinor energy as
åsgard ,2009,1988.754697,993247006,equinor energy as
åsgard ,2010,1689.225615,993247006,equinor energy as
åsgard ,2011,2119.226435,993247006,equinor energy as
åsgard ,2012,2311.076032,993247006,equinor energy as
åsgard ,2013,1608.994876,993247006,equinor energy as
åsgard ,2014,1623.973152,993247006,equinor energy as
åsgard ,2015,1409.501757,993247006,equinor energy as
åsgard ,2016,1765.519814,993247006,equinor energy as
åsgard ,2017,1527.241547,993247006,equinor energy as
åsgard ,2018,1589.827785,993247006,equinor energy as
åsgard ,2019,1625.603832,993247006,equinor energy as
åsgard ,2020,1769.44267,993247006,equinor energy as
åsgard ,2021,1491.862465,993247006,equinor energy as
åsgard ,2022,1353.213741,993247006,equinor energy as
åsgard ,2023,1615.442569,993247006,equinor energy as
njord ,1997,662.19,993246581,equinor energy as
njord ,1998,664.012,993246581,equinor energy as
njord ,1999,736.43915,993246581,equinor energy as
njord ,2000,838.042516,993246581,equinor energy as
balder ,2009,1334.4652,993256951,vår energi asa
balder ,2010,1298.612,993256951,vår energi asa
balder ,2011,1426.697319,993256951,vår energi asa
balder ,2012,1409.733441,993256951,vår energi asa
balder ,2013,1648.807195,993256951,vår energi asa
balder ,2014,1381.793962,993256951,vår energi asa
balder ,2015,1405.819387,993256951,vår energi asa
balder ,2016,1227.21438,993256951,vår energi asa
balder ,2017,1143.339807,993256951,vår energi asa
balder ,2018,1032.662272,993256951,vår energi asa
balder ,2019,1058.83703,993256951,vår energi asa
balder ,2020,1069.021546,993256951,vår energi asa
balder ,2021,1458.340262,993256951,vår energi asa
balder ,2022,1555.582716,993256951,vår energi asa
balder ,2023,1762.93007,993256951,vår energi asa
heidrun ,1997,1503.98,979188676,equinor energy as
heidrun ,1998,1372.405,979188676,equinor energy as
heidrun ,1999,1571.824841,979188676,equinor energy as
heidrun ,2000,1819.021476,979188676,equinor energy as
heidrun ,2001,2278.782821,979188676,equinor energy as
heidrun ,2002,1839.572162,979188676,equinor energy as
heidrun ,2003,1933.100898,979188676,equinor energy as
heidrun ,2004,1985.284009,979188676,equinor energy as
heidrun ,2005,2296.819543,979188676,equinor energy as
heidrun ,2006,2126.48526,979188676,equinor energy as
heidrun ,2007,1617.246299,979188676,equinor energy as
heidrun ,2008,1716.722116,979188676,equinor energy as
heidrun ,2009,1946.510595,979188676,equinor energy as
heidrun ,2010,1592.975138,979188676,equinor energy as
heidrun ,2011,1889.999012,979188676,equinor energy as
heidrun ,2012,1774.817483,979188676,equinor energy as
heidrun ,2013,1805.082173,979188676,equinor energy as
heidrun ,2014,1976.251335,979188676,equinor energy as
heidrun ,2015,1888.832293,979188676,equinor energy as
heidrun ,2016,2067.804601,979188676,equinor energy as
heidrun ,2017,2329.61212,979188676,equinor energy as
heidrun ,2018,1893.105043,979188676,equinor energy as
heidrun ,2019,2082.776768,979188676,equinor energy as
heidrun ,2020,1906.552127,979188676,equinor energy as
heidrun ,2021,1925.763571,979188676,equinor energy as
heidrun ,2022,1943.343756,979188676,equinor energy as
heidrun ,2023,1830.460028,979188676,equinor energy as
ula ,1997,481.78,993302392,aker bp asa
ula ,1998,551.352687,993302392,aker bp asa
ula ,1999,499.78049,993302392,aker bp asa
ula ,2000,532.876348,993302392,aker bp asa
aasta hansteen ,2023,230.858145,912731456,equinor energy as
fenja ,2020,306.963848,912727157,vår energi norge as
fenja ,2022,252.338632,912727157,vår energi norge as
solveig ,2019,17.102406,912729737,aker bp asa
solveig ,2021,104.316756,912729737,aker bp asa
solveig ,2022,49.004645,912729737,aker bp asa
dvalin ,2017,5.243672,917865868,wintershall dea norge as
dvalin ,2019,133.740401,917865868,wintershall dea norge as
dvalin ,2020,193.80017,917865868,wintershall dea norge as
johan castberg ,2020,262.068102,920149073,equinor energy as
johan castberg ,2021,517.17069,920149073,equinor energy as
johan castberg ,2022,211.624299,920149073,equinor energy as
njord ,2001,917.182724,993246581,equinor energy as
njord ,2002,795.5178,993246581,equinor energy as
njord ,2003,861.20794,993246581,equinor energy as
njord ,2004,806.32606,993246581,equinor energy as
njord ,2005,852.838,993246581,equinor energy as
njord ,2006,921.677,993246581,equinor energy as
njord ,2007,879.035,993246581,equinor energy as
njord ,2008,736.606873,993246581,equinor energy as
njord ,2009,660.433977,993246581,equinor energy as
njord ,2010,630.939904,993246581,equinor energy as
njord ,2011,528.608552,993246581,equinor energy as
njord ,2012,575.664552,993246581,equinor energy as
njord ,2013,485.02113,993246581,equinor energy as
njord ,2014,569.303903,993246581,equinor energy as
njord ,2015,564.089711,993246581,equinor energy as
njord ,2016,515.484651,993246581,equinor energy as
njord ,2017,7.890914,993246581,equinor energy as
njord ,2018,1.56978,993246581,equinor energy as
njord ,2021,7.750267,993246581,equinor energy as
njord ,2022,300.265435,993246581,equinor energy as
njord ,2023,558.830039,993246581,equinor energy as
kristin ,2003,261.49641,993246522,equinor energy as
kristin ,2004,1073.75268,993246522,equinor energy as
kristin ,2005,1456.785421,993246522,equinor energy as
kristin ,2006,949.65221,993246522,equinor energy as
kristin ,2007,913.715505,993246522,equinor energy as
kristin ,2008,734.162659,993246522,equinor energy as
kristin ,2009,222.995525,993246522,equinor energy as
kristin ,2010,192.792958,993246522,equinor energy as
kristin ,2011,186.02325,993246522,equinor energy as
kristin ,2012,184.404368,993246522,equinor energy as
kristin ,2013,266.053381,993246522,equinor energy as
kristin ,2014,348.319352,993246522,equinor energy as
kristin ,2015,486.35449,993246522,equinor energy as
kristin ,2016,269.189018,993246522,equinor energy as
kristin ,2017,257.320037,993246522,equinor energy as
kristin ,2018,259.017527,993246522,equinor energy as
kristin ,2019,250.56081,993246522,equinor energy as
kristin ,2020,237.98273,993246522,equinor energy as
kristin ,2021,240.838477,993246522,equinor energy as
kristin ,2022,247.995962,993246522,equinor energy as
kristin ,2023,231.963396,993246522,equinor energy as
alvheim ,2006,199.3,912726444,aker bp asa
alvheim ,2007,143.346618,912726444,aker bp asa
alvheim ,2008,656.844418,912726444,aker bp asa
alvheim ,2009,408.372,912726444,aker bp asa
alvheim ,2010,521.212,912726444,aker bp asa
alvheim ,2011,570.847,912726444,aker bp asa
alvheim ,2012,294.683509,912726444,aker bp asa
alvheim ,2013,391.49035,912726444,aker bp asa
alvheim ,2014,441.012578,912726444,aker bp asa
alvheim ,2015,480.870368,912726444,aker bp asa
alvheim ,2016,487.322044,912726444,aker bp asa
alvheim ,2017,523.490113,912726444,aker bp asa
alvheim ,2018,563.400659,912726444,aker bp asa
alvheim ,2019,325.043011,912726444,aker bp asa
alvheim ,2020,600.970999,912726444,aker bp asa
alvheim ,2021,247.773766,912726444,aker bp asa
alvheim ,2022,203.793878,912726444,aker bp asa
alvheim ,2023,533.45951,912726444,aker bp asa
varg ,1998,309.629507,893258272,repsol norge as
varg ,1999,1419.001127,893258272,repsol norge as
varg ,2000,609.548406,893258272,repsol norge as
varg ,2001,435.747777,893258272,repsol norge as
varg ,2002,376.076732,893258272,repsol norge as
varg ,2003,392.06,893258272,repsol norge as
ula ,2001,744.31759,993302392,aker bp asa
ula ,2002,587.378531,993302392,aker bp asa
ula ,2003,608.913914,993302392,aker bp asa
ula ,2004,606.196526,993302392,aker bp asa
ula ,2005,619.960983,993302392,aker bp asa
ula ,2006,587.968256,993302392,aker bp asa
ula ,2007,472.006815,993302392,aker bp asa
ula ,2008,483.725488,993302392,aker bp asa
ula ,2009,491.654,993302392,aker bp asa
ula ,2010,509.333,993302392,aker bp asa
ula ,2011,538.108,993302392,aker bp asa
ula ,2012,444.480659,993302392,aker bp asa
ula ,2013,472.595598,993302392,aker bp asa
ula ,2014,568.979831,993302392,aker bp asa
ula ,2015,513.63978,993302392,aker bp asa
ula ,2016,541.496044,993302392,aker bp asa
ula ,2017,522.626791,993302392,aker bp asa
ula ,2018,597.898203,993302392,aker bp asa
ula ,2019,761.629564,993302392,aker bp asa
ula ,2020,700.471609,993302392,aker bp asa
ula ,2021,573.377426,993302392,aker bp asa
ula ,2022,469.341745,993302392,aker bp asa
ula ,2023,481.236676,993302392,aker bp asa
ekofisk ,1997,7668.837195,872450912,conocophillips skandinavia as
ekofisk ,1998,8145.884915,872450912,conocophillips skandinavia as
ekofisk ,1999,4166.233243,872450912,conocophillips skandinavia as
ekofisk ,2000,2197.274258,872450912,conocophillips skandinavia as
ekofisk ,2001,2017.674362,872450912,conocophillips skandinavia as
ekofisk ,2002,2193.249792,872450912,conocophillips skandinavia as
ekofisk ,2003,1869.792119,872450912,conocophillips skandinavia as
ekofisk ,2004,2023.75794,872450912,conocophillips skandinavia as
ekofisk ,2005,1898.961321,872450912,conocophillips skandinavia as
ekofisk ,2006,2057.83149,872450912,conocophillips skandinavia as
ekofisk ,2007,1499.41062,872450912,conocophillips skandinavia as
ekofisk ,2008,1465.46009,872450912,conocophillips skandinavia as
ekofisk ,2009,1550.34547,872450912,conocophillips skandinavia as
ekofisk ,2010,1643.30161,872450912,conocophillips skandinavia as
ekofisk ,2011,1316.99261,872450912,conocophillips skandinavia as
ekofisk ,2012,1195.86,872450912,conocophillips skandinavia as
ekofisk ,2013,1591.375488,872450912,conocophillips skandinavia as
ekofisk ,2014,1275.228379,872450912,conocophillips skandinavia as
ekofisk ,2015,1449.64842,872450912,conocophillips skandinavia as
ekofisk ,2016,1277.438358,872450912,conocophillips skandinavia as
ekofisk ,2017,936.353557,872450912,conocophillips skandinavia as
ekofisk ,2018,1102.516885,872450912,conocophillips skandinavia as
ekofisk ,2019,1056.591326,872450912,conocophillips skandinavia as
ekofisk ,2020,791.840879,872450912,conocophillips skandinavia as
ekofisk ,2021,953.366509,872450912,conocophillips skandinavia as
ekofisk ,2022,816.596779,872450912,conocophillips skandinavia as
ekofisk ,2023,609.440758,872450912,conocophillips skandinavia as
skarv ,2010,389.428,912728544,aker bp asa
skarv ,2011,482.148,912728544,aker bp asa
skarv ,2012,1265.346785,912728544,aker bp asa
skarv ,2013,1810.531456,912728544,aker bp asa
skarv ,2014,544.376458,912728544,aker bp asa
skarv ,2015,259.838953,912728544,aker bp asa
skarv ,2016,276.474979,912728544,aker bp asa
skarv ,2017,401.464611,912728544,aker bp asa
skarv ,2018,318.506446,912728544,aker bp asa
skarv ,2019,269.831642,912728544,aker bp asa
eldfisk ,2021,558.955773,872450912,conocophillips skandinavia as
eldfisk ,2022,457.100988,872450912,conocophillips skandinavia as
eldfisk ,2023,427.882883,872450912,conocophillips skandinavia as
embla ,1998,0.28,872450912,conocophillips skandinavia as
embla ,1999,168.4823,872450912,conocophillips skandinavia as
embla ,2000,3.3677,872450912,conocophillips skandinavia as
embla ,2001,2.30265,872450912,conocophillips skandinavia as
embla ,2002,1.75,872450912,conocophillips skandinavia as
embla ,2003,2.023,872450912,conocophillips skandinavia as
embla ,2004,2.023,872450912,conocophillips skandinavia as
embla ,2005,133.3752,872450912,conocophillips skandinavia as
embla ,2006,2.975,872450912,conocophillips skandinavia as
embla ,2007,0.62016,872450912,conocophillips skandinavia as
embla ,2008,1.77966,872450912,conocophillips skandinavia as
embla ,2009,0.79394,872450912,conocophillips skandinavia as
embla ,2010,3.69169,872450912,conocophillips skandinavia as
embla ,2011,2.47713,872450912,conocophillips skandinavia as
embla ,2012,1.73489,872450912,conocophillips skandinavia as
embla ,2013,1.56,872450912,conocophillips skandinavia as
embla ,2014,1.311997,872450912,conocophillips skandinavia as
embla ,2015,1.177335,872450912,conocophillips skandinavia as
embla ,2016,0.459545,872450912,conocophillips skandinavia as
embla ,2017,0.72356,872450912,conocophillips skandinavia as
embla ,2018,1.715985,872450912,conocophillips skandinavia as
embla ,2019,0.96957,872450912,conocophillips skandinavia as
embla ,2020,0.66177,872450912,conocophillips skandinavia as
embla ,2021,1.208115,872450912,conocophillips skandinavia as
embla ,2022,2.101389,872450912,conocophillips skandinavia as
embla ,2023,0.70086,872450912,conocophillips skandinavia as
tor ,1997,144.729105,872450912,conocophillips skandinavia as
tor ,1998,142.756724,872450912,conocophillips skandinavia as
tor ,1999,180.354738,872450912,conocophillips skandinavia as
tor ,2000,209.37883,872450912,conocophillips skandinavia as
tor ,2001,250.26065,872450912,conocophillips skandinavia as
tor ,2002,268.146613,872450912,conocophillips skandinavia as
tor ,2003,196.837448,872450912,conocophillips skandinavia as
tor ,2004,209.57431,872450912,conocophillips skandinavia as
tor ,2005,256.60392,872450912,conocophillips skandinavia as
tor ,2006,310.97791,872450912,conocophillips skandinavia as
tor ,2007,198.19798,872450912,conocophillips skandinavia as
tor ,2008,170.25873,872450912,conocophillips skandinavia as
tor ,2009,176.3275,872450912,conocophillips skandinavia as
tor ,2010,210.845226,872450912,conocophillips skandinavia as
tor ,2011,245.8534,872450912,conocophillips skandinavia as
tor ,2012,172.76,872450912,conocophillips skandinavia as
tor ,2013,158.470018,872450912,conocophillips skandinavia as
tor ,2014,168.351301,872450912,conocophillips skandinavia as
tor ,2015,161.432842,872450912,conocophillips skandinavia as
tor ,2016,51.025435,872450912,conocophillips skandinavia as
tor ,2017,45.5202,872450912,conocophillips skandinavia as
tor ,2018,41.953824,872450912,conocophillips skandinavia as
tor ,2019,94.466849,872450912,conocophillips skandinavia as
tor ,2020,386.728286,872450912,conocophillips skandinavia as
tor ,2021,175.493025,872450912,conocophillips skandinavia as
tor ,2022,136.312834,872450912,conocophillips skandinavia as
tor ,2023,9.696982,872450912,conocophillips skandinavia as
sleipner øst ,2003,2467.311997,993246646,equinor energy as
sleipner øst ,2004,2325.668067,993246646,equinor energy as
sleipner øst ,2005,2542.645414,993246646,equinor energy as
sleipner øst ,2006,2764.718141,993246646,equinor energy as
sleipner øst ,2007,2755.590837,993246646,equinor energy as
sleipner øst ,2008,2551.489174,993246646,equinor energy as
sleipner øst ,2009,2474.01935,993246646,equinor energy as
sleipner øst ,2010,2066.117558,993246646,equinor energy as
sleipner øst ,2011,2062.926829,993246646,equinor energy as
sleipner øst ,2012,1983.20575,993246646,equinor energy as
sleipner øst ,2013,1643.092511,993246646,equinor energy as
sleipner øst ,2014,1999.623598,993246646,equinor energy as
sleipner øst ,2015,1966.976719,993246646,equinor energy as
sleipner øst ,2016,1802.130822,993246646,equinor energy as
sleipner øst ,2017,1856.564353,993246646,equinor energy as
sleipner øst ,2018,1989.917309,993246646,equinor energy as
sleipner øst ,2019,2342.174817,993246646,equinor energy as
sleipner øst ,2020,2191.473981,993246646,equinor energy as
sleipner øst ,2021,2030.723237,993246646,equinor energy as
sleipner øst ,2022,1705.492139,993246646,equinor energy as
sleipner øst ,2023,1729.250691,993246646,equinor energy as
sigyn ,2002,215.17679,812723502,equinor energy as
sigyn ,2003,0.0,812723502,equinor energy as
sigyn ,2016,73.193557,812723502,equinor energy as
sigyn ,2020,4.359525,812723502,equinor energy as
sigyn ,2021,30.469364,812723502,equinor energy as
sigyn ,2022,0.376747,812723502,equinor energy as
sigyn ,2023,4.247742,812723502,equinor energy as
snøhvit ,2004,35.07504,912732207,equinor energy as
snøhvit ,2005,447.81526,912732207,equinor energy as
snøhvit ,2006,449.262955,912732207,equinor energy as
snøhvit ,2011,46.60614,912732207,equinor energy as
snøhvit ,2013,5.2668,912732207,equinor energy as
snøhvit ,2016,353.241121,912732207,equinor energy as
snøhvit ,2017,256.30158,912732207,equinor energy as
snøhvit ,2018,111.569719,912732207,equinor energy as
snøhvit ,2019,48.086334,912732207,equinor energy as
snøhvit ,2020,127.290509,912732207,equinor energy as
snøhvit ,2022,3.76335,912732207,equinor energy as
snøhvit ,2023,0.0,912732207,equinor energy as
gudrun ,2012,345.7286,912732711,equinor energy as
gudrun ,2013,278.4222,912732711,equinor energy as
gudrun ,2014,287.02192,912732711,equinor energy as
gudrun ,2015,210.135131,912732711,equinor energy as
gudrun ,2016,59.145577,912732711,equinor energy as
gudrun ,2017,2.649447,912732711,equinor energy as
gudrun ,2018,2.36303,912732711,equinor energy as
gudrun ,2019,87.225857,912732711,equinor energy as
gudrun ,2020,264.866061,912732711,equinor energy as
gudrun ,2021,254.535728,912732711,equinor energy as
gudrun ,2022,192.614022,912732711,equinor energy as
gudrun ,2023,6.026934,912732711,equinor energy as
brynhild ,2014,323.187417,912729761,aker bp asa
brynhild ,2015,77.643199,912729761,aker bp asa
brynhild ,2017,0.0,912729761,aker bp asa
brynhild ,2018,1.223505,912729761,aker bp asa
brynhild ,2020,79.079685,912729761,aker bp asa
jette ,2012,359.30406,988303380,aker bp asa
jette ,2019,58.414386,988303380,aker bp asa
valemon ,2012,166.5132,912732630,equinor energy as
valemon ,2013,277.008714,912732630,equinor energy as
valemon ,2014,473.798985,912732630,equinor energy as
valemon ,2015,288.569844,912732630,equinor energy as
valemon ,2016,312.744993,912732630,equinor energy as
valemon ,2017,270.147198,912732630,equinor energy as
valemon ,2018,32.722738,912732630,equinor energy as
valemon ,2019,2.380262,912732630,equinor energy as
valemon ,2020,1.687343,912732630,equinor energy as
valemon ,2021,63.303153,912732630,equinor energy as
valemon ,2022,25.406829,912732630,equinor energy as
valemon ,2023,17.631787,912732630,equinor energy as
atla ,2012,37.377521,912726703,totalenergies ep norge as
atla ,2023,5.7,912726703,totalenergies ep norge as
skuld ,2012,453.1856,893246592,equinor energy as
skuld ,2013,553.43295,893246592,equinor energy as
skuld ,2014,238.020714,893246592,equinor energy as
skuld ,2015,9.83421,893246592,equinor energy as
skuld ,2016,225.318577,893246592,equinor energy as
skuld ,2017,18.502029,893246592,equinor energy as
skuld ,2019,4.210481,893246592,equinor energy as
skuld ,2022,18.738427,893246592,equinor energy as
skuld ,2023,7.764015,893246592,equinor energy as
svalin ,2014,201.510188,993246298,equinor energy as
svalin ,2023,40.527,993246298,equinor energy as
ormen lange ,2005,179.060873,890286852,a/s norske shell
ormen lange ,2006,1070.584,890286852,a/s norske shell
ormen lange ,2007,1040.690229,890286852,a/s norske shell
ormen lange ,2008,1140.817502,890286852,a/s norske shell
ormen lange ,2009,1325.626269,890286852,a/s norske shell
ormen lange ,2010,862.691,890286852,a/s norske shell
ormen lange ,2011,886.287497,890286852,a/s norske shell
ormen lange ,2012,872.998668,890286852,a/s norske shell
ormen lange ,2013,389.411008,890286852,a/s norske shell
ormen lange ,2014,112.246563,890286852,a/s norske shell
ormen lange ,2015,397.650599,890286852,a/s norske shell
ormen lange ,2018,20.527695,890286852,a/s norske shell
ormen lange ,2022,523.80378,890286852,a/s norske shell
martin linge ,2013,13.074768,912726606,equinor energy as
martin linge ,2014,83.518642,912726606,equinor energy as
martin linge ,2015,256.337059,912726606,equinor energy as
martin linge ,2016,244.94508,912726606,equinor energy as
martin linge ,2017,135.271767,912726606,equinor energy as
martin linge ,2018,421.275591,912726606,equinor energy as
martin linge ,2019,594.984147,912726606,equinor energy as
martin linge ,2020,664.56139,912726606,equinor energy as
martin linge ,2021,499.95652,912726606,equinor energy as
martin linge ,2022,222.011156,912726606,equinor energy as
martin linge ,2023,118.542257,912726606,equinor energy as
edvard grieg ,2014,118.59178,912729842,aker bp asa
edvard grieg ,2015,499.97008,912729842,aker bp asa
edvard grieg ,2016,560.076137,912729842,aker bp asa
edvard grieg ,2017,440.959793,912729842,aker bp asa
edvard grieg ,2018,365.704979,912729842,aker bp asa
edvard grieg ,2019,212.791237,912729842,aker bp asa
edvard grieg ,2020,215.258532,912729842,aker bp asa
edvard grieg ,2021,361.051734,912729842,aker bp asa
edvard grieg ,2022,261.636502,912729842,aker bp asa
edvard grieg ,2023,47.934812,912729842,aker bp asa
gina krog ,2015,154.39248,914470943,equinor energy as
gina krog ,2016,551.03895,914470943,equinor energy as
draugen ,1997,427.93,921788932,okea asa
draugen ,1998,482.1889,921788932,okea asa
draugen ,1999,384.645718,921788932,okea asa
draugen ,2000,719.655033,921788932,okea asa
draugen ,2001,779.185981,921788932,okea asa
draugen ,2002,799.853387,921788932,okea asa
draugen ,2003,735.1,921788932,okea asa
draugen ,2004,775.96,921788932,okea asa
draugen ,2005,627.172663,921788932,okea asa
draugen ,2006,639.803451,921788932,okea asa
draugen ,2007,600.103897,921788932,okea asa
draugen ,2008,763.172074,921788932,okea asa
draugen ,2009,565.323,921788932,okea asa
draugen ,2010,620.49,921788932,okea asa
draugen ,2011,604.792,921788932,okea asa
draugen ,2012,612.751912,921788932,okea asa
draugen ,2013,1824.695426,921788932,okea asa
draugen ,2014,1538.795433,921788932,okea asa
draugen ,2015,1172.123664,921788932,okea asa
draugen ,2016,1086.787097,921788932,okea asa
draugen ,2017,1175.583449,921788932,okea asa
draugen ,2018,1125.734511,921788932,okea asa
draugen ,2019,1036.351642,921788932,okea asa
draugen ,2020,1022.837765,921788932,okea asa
draugen ,2021,1090.371297,921788932,okea asa
draugen ,2022,1122.129109,921788932,okea asa
draugen ,2023,1001.87896,921788932,okea asa
visund ,1997,272.02,893246932,equinor energy as
visund ,1998,447.25,893246932,equinor energy as
visund ,1999,792.0873,893246932,equinor energy as
visund ,2000,1341.951168,893246932,equinor energy as
visund ,2001,1246.366634,893246932,equinor energy as
visund ,2002,1140.451932,893246932,equinor energy as
visund ,2003,1192.339717,893246932,equinor energy as
visund ,2004,1327.762079,893246932,equinor energy as
visund ,2005,1600.683784,893246932,equinor energy as
visund ,2006,805.778166,893246932,equinor energy as
visund ,2007,1417.8711,893246932,equinor energy as
visund ,2008,1358.737344,893246932,equinor energy as
visund ,2009,976.227785,893246932,equinor energy as
visund ,2010,1029.070662,893246932,equinor energy as
visund ,2011,880.410951,893246932,equinor energy as
visund ,2012,1123.585056,893246932,equinor energy as
visund ,2013,1704.614803,893246932,equinor energy as
visund ,2014,1832.739703,893246932,equinor energy as
visund ,2015,744.312797,893246932,equinor energy as
visund ,2016,637.313494,893246932,equinor energy as
visund ,2017,782.030579,893246932,equinor energy as
visund ,2018,959.652185,893246932,equinor energy as
visund ,2019,814.449115,893246932,equinor energy as
visund ,2020,724.631697,893246932,equinor energy as
visund ,2021,654.972316,893246932,equinor energy as
visund ,2022,635.255668,893246932,equinor energy as
visund ,2023,833.320494,893246932,equinor energy as
statfjord ,1997,4626.83913,993246794,equinor energy as
statfjord ,1998,5987.3933,993246794,equinor energy as
statfjord ,1999,6151.681542,993246794,equinor energy as
statfjord ,2000,7301.532142,993246794,equinor energy as
statfjord ,2001,6575.9717,993246794,equinor energy as
statfjord ,2002,6321.399162,993246794,equinor energy as
statfjord ,2003,6014.378061,993246794,equinor energy as
statfjord ,2004,5768.82311,993246794,equinor energy as
varg ,2004,325.0,893258272,repsol norge as
varg ,2005,946.08008,893258272,repsol norge as
varg ,2006,806.129779,893258272,repsol norge as
varg ,2007,779.851404,893258272,repsol norge as
varg ,2008,788.724955,893258272,repsol norge as
varg ,2009,870.059,893258272,repsol norge as
varg ,2010,731.774,893258272,repsol norge as
varg ,2011,758.172,893258272,repsol norge as
varg ,2012,747.054842,893258272,repsol norge as
varg ,2013,747.454601,893258272,repsol norge as
varg ,2014,704.206829,893258272,repsol norge as
varg ,2015,810.347755,893258272,repsol norge as
varg ,2016,355.298151,893258272,repsol norge as
varg ,2017,59.671762,893258272,repsol norge as
varg ,2018,20.34319,893258272,repsol norge as
kvitebjørn ,2003,119.938864,993246557,equinor energy as
kvitebjørn ,2004,253.808973,993246557,equinor energy as
kvitebjørn ,2005,329.403397,993246557,equinor energy as
kvitebjørn ,2006,302.065647,993246557,equinor energy as
kvitebjørn ,2007,225.963107,993246557,equinor energy as
kvitebjørn ,2008,259.655104,993246557,equinor energy as
kvitebjørn ,2009,320.294944,993246557,equinor energy as
kvitebjørn ,2010,302.257382,993246557,equinor energy as
kvitebjørn ,2011,270.512176,993246557,equinor energy as
kvitebjørn ,2012,259.045349,993246557,equinor energy as
kvitebjørn ,2013,599.046341,993246557,equinor energy as
kvitebjørn ,2014,486.564706,993246557,equinor energy as
kvitebjørn ,2015,421.923614,993246557,equinor energy as
kvitebjørn ,2016,419.146939,993246557,equinor energy as
kvitebjørn ,2017,444.996348,993246557,equinor energy as
kvitebjørn ,2018,452.895228,993246557,equinor energy as
kvitebjørn ,2019,389.871583,993246557,equinor energy as
kvitebjørn ,2020,444.301627,993246557,equinor energy as
kvitebjørn ,2021,374.23491,993246557,equinor energy as
kvitebjørn ,2022,380.71122,993246557,equinor energy as
kvitebjørn ,2023,403.547832,993246557,equinor energy as
gjøa ,2009,403.684974,997004523,vår energi norge as
gjøa ,2010,505.552564,997004523,vår energi norge as
gjøa ,2011,421.62462,997004523,vår energi norge as
gjøa ,2012,174.87,997004523,vår energi norge as
gjøa ,2013,80.660717,997004523,vår energi norge as
gjøa ,2014,70.340721,997004523,vår energi norge as
gjøa ,2015,69.539636,997004523,vår energi norge as
gjøa ,2016,78.865217,997004523,vår energi norge as
gjøa ,2017,52.779597,997004523,vår energi norge as
gjøa ,2018,63.658068,997004523,vår energi norge as
gjøa ,2019,52.057291,997004523,vår energi norge as
gjøa ,2020,177.821823,997004523,vår energi norge as
gjøa ,2021,267.998806,997004523,vår energi norge as
gjøa ,2022,50.629461,997004523,vår energi norge as
gjøa ,2023,52.028408,997004523,vår energi norge as
grane ,2001,104.6605,993246298,equinor energy as
grane ,2002,449.89,993246298,equinor energy as
grane ,2003,373.869424,993246298,equinor energy as
grane ,2004,660.405,993246298,equinor energy as
grane ,2005,586.682,993246298,equinor energy as
grane ,2006,1037.416,993246298,equinor energy as
grane ,2007,386.387,993246298,equinor energy as
grane ,2008,376.364738,993246298,equinor energy as
grane ,2009,413.674437,993246298,equinor energy as
grane ,2010,349.281258,993246298,equinor energy as
grane ,2011,386.685316,993246298,equinor energy as
grane ,2012,298.41996,993246298,equinor energy as
grane ,2013,359.866265,993246298,equinor energy as
grane ,2014,624.141994,993246298,equinor energy as
grane ,2015,275.304302,993246298,equinor energy as
grane ,2016,255.504213,993246298,equinor energy as
grane ,2017,266.810468,993246298,equinor energy as
grane ,2018,290.220092,993246298,equinor energy as
grane ,2019,238.479572,993246298,equinor energy as
grane ,2020,218.377543,993246298,equinor energy as
grane ,2021,233.027996,993246298,equinor energy as
gina krog ,2017,857.178292,914470943,equinor energy as
gina krog ,2018,1077.511731,914470943,equinor energy as
gina krog ,2019,818.530244,914470943,equinor energy as
gina krog ,2020,709.016724,914470943,equinor energy as
gina krog ,2021,529.888251,914470943,equinor energy as
gina krog ,2022,105.531695,914470943,equinor energy as
gina krog ,2023,165.847408,914470943,equinor energy as
ivar aasen ,2015,144.28296,912731073,aker bp asa
ivar aasen ,2016,484.085131,912731073,aker bp asa
ivar aasen ,2017,274.779568,912731073,aker bp asa
ivar aasen ,2018,174.906045,912731073,aker bp asa
ivar aasen ,2019,161.040131,912731073,aker bp asa
ivar aasen ,2020,120.350566,912731073,aker bp asa
ivar aasen ,2021,95.050653,912731073,aker bp asa
ivar aasen ,2022,69.633133,912731073,aker bp asa
ivar aasen ,2023,10.685847,912731073,aker bp asa
bøyla ,2014,122.498438,912726444,aker bp asa
bøyla ,2015,19.051989,912726444,aker bp asa
bøyla ,2018,48.79895,912726444,aker bp asa
bøyla ,2019,295.261262,912726444,aker bp asa
bøyla ,2021,6.41088,912726444,aker bp asa
johan sverdrup ,2016,464.915771,814797872,equinor energy as
johan sverdrup ,2017,516.296302,814797872,equinor energy as
johan sverdrup ,2018,660.442766,814797872,equinor energy as
johan sverdrup ,2019,360.432313,814797872,equinor energy as
johan sverdrup ,2020,62.920552,814797872,equinor energy as
johan sverdrup ,2021,42.649599,814797872,equinor energy as
johan sverdrup ,2022,772.706095,814797872,equinor energy as
johan sverdrup ,2023,437.424082,814797872,equinor energy as
maria ,2017,750.633573,915156207,wintershall dea norge as
maria ,2018,150.458516,915156207,wintershall dea norge as
maria ,2019,17.390084,915156207,wintershall dea norge as
maria ,2020,299.464506,915156207,wintershall dea norge as
maria ,2021,8.4987,915156207,wintershall dea norge as
maria ,2022,9.087025,915156207,wintershall dea norge as
maria ,2023,3.397265,915156207,wintershall dea norge as
aasta hansteen ,2017,114.17841,912731456,equinor energy as
aasta hansteen ,2018,988.44101,912731456,equinor energy as
aasta hansteen ,2019,202.908995,912731456,equinor energy as
aasta hansteen ,2020,147.469687,912731456,equinor energy as
aasta hansteen ,2021,138.530349,912731456,equinor energy as
aasta hansteen ,2022,206.022062,912731456,equinor energy as
