fclName,fclCurrentRespCompanyName,fclKind,fclFunctions,fclStatus,fclNationName,fclFactPageUrl,fclNpdidFacility,fclNpdidCurrentRespCompany,fclDateUpdated,datesyncNPD
ABEILLE SUPPORT,Stolt Offshore A/S,VESSEL,,,France,https://factpages.sodir.no/factpages/default.aspx?nav1=facility&nav2=PageView|Moveable|All&nav3=294544,294544,2411309.0,29.02.2024,22.05.2024
ACERGY FALCON,Acergy M.S. Limited,VESSEL,,,Norway,https://factpages.sodir.no/factpages/default.aspx?nav1=facility&nav2=PageView|Moveable|All&nav3=402507,402507,4394060.0,29.02.2024,22.05.2024
ACERGY OSPREY,Acergy M.S. Limited,VESSEL,,,United Kingdom,https://factpages.sodir.no/factpages/default.aspx?nav1=facility&nav2=PageView|Moveable|All&nav3=377007,377007,4394060.0,29.02.2024,22.05.2024
ACERGY VIKING,Eidesvik Shipping AS,VESSEL,,,Norway,https://factpages.sodir.no/factpages/default.aspx?nav1=facility&nav2=PageView|Moveable|All&nav3=440555,440555,3362279.0,29.02.2024,22.05.2024
AKOFS SEAFARER,Akofs Offshore Operations AS,VESSEL,,AOC OK,Norway,https://factpages.sodir.no/factpages/default.aspx?nav1=facility&nav2=PageView|Moveable|All&nav3=706601,706601,50000019.0,29.02.2024,22.05.2024
ANTIFRITE,Stolt Offshore A/S,VESSEL,,,Italy,https://factpages.sodir.no/factpages/default.aspx?nav1=facility&nav2=PageView|Moveable|All&nav3=296920,296920,2411309.0,29.02.2024,22.05.2024
AQUAMARINE,,VESSEL,,,Liberia,https://factpages.sodir.no/factpages/default.aspx?nav1=facility&nav2=PageView|Moveable|All&nav3=295597,295597,,29.02.2024,22.05.2024
ARTEMIS ARCTIC,Dolphin AS,VESSEL,,,Norway,https://factpages.sodir.no/factpages/default.aspx?nav1=facility&nav2=PageView|Moveable|All&nav3=414880,414880,2398052.0,29.02.2024,22.05.2024
ASKELADDEN,KCA Deutag Drilling Norge AS,JACK-UP 3 LEGS,DRILLING,AOC OK,Singapore,https://factpages.sodir.no/factpages/default.aspx?nav1=facility&nav2=PageView|Moveable|All&nav3=445592,445592,37710511.0,29.02.2024,22.05.2024
ASKEPOTT,KCA Deutag Drilling Norge AS,JACK-UP 3 LEGS,DRILLING,AOC OK,Singapore,https://factpages.sodir.no/factpages/default.aspx?nav1=facility&nav2=PageView|Moveable|All&nav3=445646,445646,37710511.0,29.02.2024,22.05.2024
B.ENTERPRISE 2,,VESSEL,,,Norway,https://factpages.sodir.no/factpages/default.aspx?nav1=facility&nav2=PageView|Moveable|All&nav3=295381,295381,,29.02.2024,22.05.2024
BELFORD DOLPHIN,Dolphin AS,VESSEL,DRILLING,AOC CANCELLED,Panama,https://factpages.sodir.no/factpages/default.aspx?nav1=facility&nav2=PageView|Moveable|All&nav3=297946,297946,2398052.0,29.02.2024,22.05.2024
BIDEFORD DOLPHIN,Dolphin Drilling AS,SEMISUB STEEL,DRILLING,AOC CANCELLED,Singapore,https://factpages.sodir.no/factpages/default.aspx?nav1=facility&nav2=PageView|Moveable|All&nav3=290170,290170,37710523.0,10.04.2024,22.05.2024
BOA GIANT,Taubåtkompaniet A/S,VESSEL,,,Norway,https://factpages.sodir.no/factpages/default.aspx?nav1=facility&nav2=PageView|Moveable|All&nav3=297703,297703,2129742.0,29.02.2024,22.05.2024
BORGILA DOLPHIN,Dolphin AS,SEMISUB STEEL,,,Norway,https://factpages.sodir.no/factpages/default.aspx?nav1=facility&nav2=PageView|Moveable|All&nav3=296974,296974,2398052.0,29.02.2024,22.05.2024
BORGLAND DOLPHIN,Dolphin Drilling AS,SEMISUB STEEL,DRILLING,AOC OK,Singapore,https://factpages.sodir.no/factpages/default.aspx?nav1=facility&nav2=PageView|Moveable|All&nav3=297784,297784,37710523.0,29.02.2024,22.05.2024
BORGNY DOLPHIN,Dolphin AS,SEMISUB STEEL,DRILLING,,Panama,https://factpages.sodir.no/factpages/default.aspx?nav1=facility&nav2=PageView|Moveable|All&nav3=288280,288280,2398052.0,29.02.2024,22.05.2024
BORGSTEN DOLPHIN,Dolphin AS,SEMISUB STEEL,DRILLING,,Panama,https://factpages.sodir.no/factpages/default.aspx?nav1=facility&nav2=PageView|Moveable|All&nav3=288334,288334,2398052.0,29.02.2024,22.05.2024
BP 471,Transocean Offshore Europe Ltd,VESSEL,,,Liberia,https://factpages.sodir.no/factpages/default.aspx?nav1=facility&nav2=PageView|Moveable|All&nav3=296812,296812,2050195.0,29.02.2024,22.05.2024
BREDFORD DOLPHIN,Dolphin AS,SEMISUB STEEL,DRILLING,AOC OK,Panama,https://factpages.sodir.no/factpages/default.aspx?nav1=facility&nav2=PageView|Moveable|All&nav3=373521,373521,2398052.0,29.02.2024,22.05.2024
BUCENTAUR,Fugro Geotechnics AS,VESSEL,DRILLING,,Norway,https://factpages.sodir.no/factpages/default.aspx?nav1=facility&nav2=PageView|Moveable|All&nav3=289441,289441,18061800.0,29.02.2024,22.05.2024
BULFORD DOLPHIN,Dolphin AS,SEMISUB STEEL,DRILLING,,Bahamas,https://factpages.sodir.no/factpages/default.aspx?nav1=facility&nav2=PageView|Moveable|All&nav3=287956,287956,2398052.0,29.02.2024,22.05.2024
BYFORD DOLPHIN,Dolphin AS,SEMISUB STEEL,DRILLING,,Norway,https://factpages.sodir.no/factpages/default.aspx?nav1=facility&nav2=PageView|Moveable|All&nav3=341331,341331,2398052.0,29.02.2024,22.05.2024
CASTORO 10 ,Saipem (UK) Ltd,VESSEL,,,Italy,https://factpages.sodir.no/factpages/default.aspx?nav1=facility&nav2=PageView|Moveable|All&nav3=297217,297217,40874.0,29.02.2024,22.05.2024
COSLInnovator,COSL Drilling Europe AS,SEMISUB STEEL,DRILLING,AOC OK,Norway,https://factpages.sodir.no/factpages/default.aspx?nav1=facility&nav2=PageView|Moveable|All&nav3=413825,413825,5125369.0,29.02.2024,22.05.2024
COSLPioneer,COSL Drilling Europe AS,SEMISUB STEEL,DRILLING,AOC OK,Bahamas,https://factpages.sodir.no/factpages/default.aspx?nav1=facility&nav2=PageView|Moveable|All&nav3=413534,413534,5125369.0,29.02.2024,22.05.2024
COSLPromoter,COSL Drilling Europe AS,SEMISUB STEEL,DRILLING,AOC OK,Norway,https://factpages.sodir.no/factpages/default.aspx?nav1=facility&nav2=PageView|Moveable|All&nav3=413883,413883,5125369.0,29.02.2024,22.05.2024
COSLProspector,,SEMISUB STEEL,,,Norway,https://factpages.sodir.no/factpages/default.aspx?nav1=facility&nav2=PageView|Moveable|All&nav3=772415,772415,,29.02.2024,22.05.2024
COSLRigmar,COSL Drilling Europe AS,JACK-UP 3 LEGS,ACCOMMODATION,AOC CANCELLED,Liberia,https://factpages.sodir.no/factpages/default.aspx?nav1=facility&nav2=PageView|Moveable|All&nav3=297919,297919,5125369.0,29.02.2024,22.05.2024
COSLRival,COSL Drilling Europe AS,SEMISUB STEEL,ACCOMMODATION - FLOTEL,AOC OK,Bahamas,https://factpages.sodir.no/factpages/default.aspx?nav1=facility&nav2=PageView|Moveable|All&nav3=372798,372798,5125369.0,29.02.2024,22.05.2024
CSO APACHE,Technip Offshore UK Limited,VESSEL,,,Marshall Islands,https://factpages.sodir.no/factpages/default.aspx?nav1=facility&nav2=PageView|Moveable|All&nav3=374177,374177,4055814.0,29.02.2024,22.05.2024
DEEP ARCTIC,TechnipFMC plc,Dive Support Vessel ,,,Bahamas,https://factpages.sodir.no/factpages/default.aspx?nav1=facility&nav2=PageView|Moveable|All&nav3=745118,745118,35000022.0,29.02.2024,22.05.2024
DEEP DISCOVERER,TechnipFMC plc,Dive Support Vessel ,,,Bahamas,https://factpages.sodir.no/factpages/default.aspx?nav1=facility&nav2=PageView|Moveable|All&nav3=745708,745708,35000022.0,29.02.2024,22.05.2024
DEEP EXPLORER,,Dive Support Vessel ,,,Bahamas,https://factpages.sodir.no/factpages/default.aspx?nav1=facility&nav2=PageView|Moveable|All&nav3=745413,745413,,29.02.2024,22.05.2024
DEEP STAR,Technip Norge AS,VESSEL,,,Bahamas,https://factpages.sodir.no/factpages/default.aspx?nav1=facility&nav2=PageView|Moveable|All&nav3=761311,761311,4538894.0,29.02.2024,22.05.2024
DEEPSEA ABERDEEN,Odfjell Drilling AS,SEMISUB STEEL,DRILLING,AOC OK,Bermuda,https://factpages.sodir.no/factpages/default.aspx?nav1=facility&nav2=PageView|Moveable|All&nav3=733095,733095,2398064.0,29.02.2024,22.05.2024
DEEPSEA ATLANTIC,Odfjell Drilling AS,SEMISUB STEEL,DRILLING,AOC OK,Norway,https://factpages.sodir.no/factpages/default.aspx?nav1=facility&nav2=PageView|Moveable|All&nav3=404360,404360,2398064.0,29.02.2024,22.05.2024
DEEPSEA BERGEN,Odfjell Drilling AS,SEMISUB STEEL,DRILLING,AOC CANCELLED,Norway,https://factpages.sodir.no/factpages/default.aspx?nav1=facility&nav2=PageView|Moveable|All&nav3=287983,287983,2398064.0,29.02.2024,22.05.2024
DEEPSEA NORDKAPP,Odfjell Drilling AS,SEMISUB STEEL,DRILLING,AOC OK,Bermuda,https://factpages.sodir.no/factpages/default.aspx?nav1=facility&nav2=PageView|Moveable|All&nav3=507128,507128,2398064.0,29.02.2024,22.05.2024
DEEPSEA PIONEER,Hamilton Brothers Oil & Gas,SEMISUB STEEL,DRILLING,,United Kingdom,https://factpages.sodir.no/factpages/default.aspx?nav1=facility&nav2=PageView|Moveable|All&nav3=289090,289090,3499813.0,29.02.2024,22.05.2024
DEEPSEA STAVANGER,Odfjell Drilling AS,SEMISUB STEEL,,AOC OK,Singapore,https://factpages.sodir.no/factpages/default.aspx?nav1=facility&nav2=PageView|Moveable|All&nav3=445536,445536,2398064.0,29.02.2024,22.05.2024
DEEPSEA YANTAI,Odfjell Drilling AS,SEMISUB STEEL,,AOC OK,Bahamas,https://factpages.sodir.no/factpages/default.aspx?nav1=facility&nav2=PageView|Moveable|All&nav3=707616,707616,2398064.0,29.02.2024,22.05.2024
DINA STAR,Dina Offshore AS,VESSEL,,,Norway,https://factpages.sodir.no/factpages/default.aspx?nav1=facility&nav2=PageView|Moveable|All&nav3=761612,761612,50000074.0,29.02.2024,22.05.2024
DRILLMASTER,Sedco Forex Schlumberger,SEMISUB STEEL,DRILLING,,Norway,https://factpages.sodir.no/factpages/default.aspx?nav1=facility&nav2=PageView|Moveable|All&nav3=288172,288172,2783014.0,29.02.2024,22.05.2024
DRILLSHIP,Sedco Forex Schlumberger,VESSEL,DRILLING,,Norway,https://factpages.sodir.no/factpages/default.aspx?nav1=facility&nav2=PageView|Moveable|All&nav3=288199,288199,2783014.0,29.02.2024,22.05.2024
EDDA FAUNA,Østensjø Rederi I AS,VESSEL,,,Norway,https://factpages.sodir.no/factpages/default.aspx?nav1=facility&nav2=PageView|Moveable|All&nav3=403711,403711,5091194.0,29.02.2024,22.05.2024
EDDA FERD,,VESSEL,,,Norway,https://factpages.sodir.no/factpages/default.aspx?nav1=facility&nav2=PageView|Moveable|All&nav3=733714,733714,,29.02.2024,22.05.2024
EDDA FJORD,Østensjø Rederi I AS,VESSEL,,,Norway,https://factpages.sodir.no/factpages/default.aspx?nav1=facility&nav2=PageView|Moveable|All&nav3=415384,415384,5091194.0,29.02.2024,22.05.2024
EDDA FLORA,Østensjø Rederi I AS,VESSEL,,,Norway,https://factpages.sodir.no/factpages/default.aspx?nav1=facility&nav2=PageView|Moveable|All&nav3=408756,408756,5091194.0,29.02.2024,22.05.2024
EDDA FREYA,Østensjø Rederi I AS,VESSEL,,,Norway,https://factpages.sodir.no/factpages/default.aspx?nav1=facility&nav2=PageView|Moveable|All&nav3=707913,707913,5091194.0,29.02.2024,22.05.2024
EIRIK RAUDE,Ocean Rig ASA,SEMISUB STEEL,DRILLING,AOC OK,Bahamas,https://factpages.sodir.no/factpages/default.aspx?nav1=facility&nav2=PageView|Moveable|All&nav3=341172,341172,2088270.0,29.02.2024,22.05.2024
ENDEAVOUR,Arethusa (Off-Shore) Ltd.,JACK-UP 3 LEGS,,,Norway,https://factpages.sodir.no/factpages/default.aspx?nav1=facility&nav2=PageView|Moveable|All&nav3=296704,296704,2783026.0,29.02.2024,22.05.2024
ESSAR WILDCAT,Transocean Offshore Europe Ltd,SEMISUB STEEL,DRILLING,IN QUEUE FOR AOC,United Kingdom,https://factpages.sodir.no/factpages/default.aspx?nav1=facility&nav2=PageView|Moveable|All&nav3=297028,297028,2050195.0,29.02.2024,22.05.2024
FAR SAGA,,VESSEL,,,Norway,https://factpages.sodir.no/factpages/default.aspx?nav1=facility&nav2=PageView|Moveable|All&nav3=424872,424872,,29.02.2024,22.05.2024
FERDER,,VESSEL,DRILLING,,Norway,https://factpages.sodir.no/factpages/default.aspx?nav1=facility&nav2=PageView|Moveable|All&nav3=391059,391059,,29.02.2024,22.05.2024
FLOATEL ENDURANCE,Floatel International AB,SEMISUB STEEL,ACCOMMODATION,AOC OK,Bermuda,https://factpages.sodir.no/factpages/default.aspx?nav1=facility&nav2=PageView|Moveable|All&nav3=445043,445043,22426303.0,29.02.2024,22.05.2024
FLOATEL SUPERIOR,Floatel International AB,SEMISUB STEEL,ACCOMMODATION,AOC OK,Norway,https://factpages.sodir.no/factpages/default.aspx?nav1=facility&nav2=PageView|Moveable|All&nav3=411482,411482,22426303.0,29.02.2024,22.05.2024
FLOTELL,,VESSEL,ACCOMMODATION,,Norway,https://factpages.sodir.no/factpages/default.aspx?nav1=facility&nav2=PageView|Moveable|All&nav3=436105,436105,,29.02.2024,22.05.2024
FUGRO DISCOVERY,Fugro Survey AS,VESSEL,DRILLING,,Norway,https://factpages.sodir.no/factpages/default.aspx?nav1=facility&nav2=PageView|Moveable|All&nav3=413252,413252,2786215.0,29.02.2024,22.05.2024
FUGRO EXPLORER,Fugro Survey AS,VESSEL,DRILLING,,Norway,https://factpages.sodir.no/factpages/default.aspx?nav1=facility&nav2=PageView|Moveable|All&nav3=373600,373600,2786215.0,29.02.2024,22.05.2024
FUGRO MERCATOR,Fugro Survey AS,VESSEL,DRILLING,,Norway,https://factpages.sodir.no/factpages/default.aspx?nav1=facility&nav2=PageView|Moveable|All&nav3=404582,404582,2786215.0,29.02.2024,22.05.2024
FUGRO SALTIRE,Fugro Survey AS,VESSEL,ACCOMMODATION - DRILLING,,Norway,https://factpages.sodir.no/factpages/default.aspx?nav1=facility&nav2=PageView|Moveable|All&nav3=413414,413414,2786215.0,29.02.2024,22.05.2024
FUGRO SCOUT,Fugro Survey AS,VESSEL,,,Panama,https://factpages.sodir.no/factpages/default.aspx?nav1=facility&nav2=PageView|Moveable|All&nav3=461170,461170,2786215.0,29.02.2024,22.05.2024
FUGRO SYNERGY,Fugro Survey AS,VESSEL,DRILLING,,Bahamas,https://factpages.sodir.no/factpages/default.aspx?nav1=facility&nav2=PageView|Moveable|All&nav3=451543,451543,2786215.0,29.02.2024,22.05.2024
GARD VARIANT,,VESSEL,,,Norway,https://factpages.sodir.no/factpages/default.aspx?nav1=facility&nav2=PageView|Moveable|All&nav3=297109,297109,,29.02.2024,22.05.2024
GEOQUIP SEEHORN,,VESSEL,,,Cyprus,https://factpages.sodir.no/factpages/default.aspx?nav1=facility&nav2=PageView|Moveable|All&nav3=767441,767441,,29.02.2024,22.05.2024
GEOSUND,DOF Management AS,VESSEL,,,Norway,https://factpages.sodir.no/factpages/default.aspx?nav1=facility&nav2=PageView|Moveable|All&nav3=409724,409724,5781675.0,29.02.2024,22.05.2024
GLOMAR BISCAY II,Global SantaFe Corporation,SEMISUB STEEL,DRILLING,,Norway,https://factpages.sodir.no/factpages/default.aspx?nav1=facility&nav2=PageView|Moveable|All&nav3=288091,288091,2449400.0,29.02.2024,22.05.2024
GLOMAR CHALLENGER,Global SantaFe Corporation,VESSEL,DRILLING,,United States,https://factpages.sodir.no/factpages/default.aspx?nav1=facility&nav2=PageView|Moveable|All&nav3=298108,298108,2449400.0,29.02.2024,22.05.2024
GLOMAR GRAND ISLE,Global SantaFe Corporation,VESSEL,DRILLING,,Norway,https://factpages.sodir.no/factpages/default.aspx?nav1=facility&nav2=PageView|Moveable|All&nav3=288388,288388,2449400.0,29.02.2024,22.05.2024
GREATSHIP MANISHA,Greatship Global Offshore Services Pte. Ltd.,VESSEL,DRILLING,,Singapore,https://factpages.sodir.no/factpages/default.aspx?nav1=facility&nav2=PageView|Moveable|All&nav3=435841,435841,24610299.0,29.02.2024,22.05.2024
GRENA,Vista Ship Management AS,VESSEL,OFFLOADING,,Bahamas,https://factpages.sodir.no/factpages/default.aspx?nav1=facility&nav2=PageView|Moveable|All&nav3=364529,364529,2819883.0,29.02.2024,22.05.2024
GSF ADRIATIC 1,Global SantaFe Corporation,JACK-UP 3 LEGS,DRILLING,,Panama,https://factpages.sodir.no/factpages/default.aspx?nav1=facility&nav2=PageView|Moveable|All&nav3=292006,292006,2449400.0,29.02.2024,22.05.2024
GSF ARCTIC I,Global SantaFe Corporation,SEMISUB STEEL,DRILLING,,Panama,https://factpages.sodir.no/factpages/default.aspx?nav1=facility&nav2=PageView|Moveable|All&nav3=293572,293572,2449400.0,29.02.2024,22.05.2024
GSF ARCTIC II,Global SantaFe Corporation,SEMISUB STEEL,DRILLING,,Panama,https://factpages.sodir.no/factpages/default.aspx?nav1=facility&nav2=PageView|Moveable|All&nav3=296353,296353,2449400.0,29.02.2024,22.05.2024
GSF LABRADOR,Global SantaFe Corporation,JACK-UP 3 LEGS,DRILLING,,Panama,https://factpages.sodir.no/factpages/default.aspx?nav1=facility&nav2=PageView|Moveable|All&nav3=296866,296866,2449400.0,29.02.2024,22.05.2024
GSF RIG 135,Global SantaFe Corporation,SEMISUB STEEL,DRILLING,,Panama,https://factpages.sodir.no/factpages/default.aspx?nav1=facility&nav2=PageView|Moveable|All&nav3=298189,298189,2449400.0,29.02.2024,22.05.2024
GSF RIG 140,Global SantaFe Corporation,SEMISUB STEEL,DRILLING,,Panama,https://factpages.sodir.no/factpages/default.aspx?nav1=facility&nav2=PageView|Moveable|All&nav3=292681,292681,2449400.0,29.02.2024,22.05.2024
GUARD VALLIANT,Baltic AS,VESSEL,,,Norway,https://factpages.sodir.no/factpages/default.aspx?nav1=facility&nav2=PageView|Moveable|All&nav3=297541,297541,2786204.0,29.02.2024,22.05.2024
GULFTIDE,Diamond Offshore Drilling LTD.,JACK-UP 4 LEGS,DRILLING,,Norway,https://factpages.sodir.no/factpages/default.aspx?nav1=facility&nav2=PageView|Moveable|All&nav3=288307,288307,2258713.0,29.02.2024,22.05.2024
HAVEN,OSM Ship Management AS,JACK-UP 4 LEGS,ACCOMMODATION,AOC CANCELLED,Norway,https://factpages.sodir.no/factpages/default.aspx?nav1=facility&nav2=PageView|Moveable|All&nav3=411539,411539,3482047.0,29.02.2024,22.05.2024
HENRY GOODRICH,Transocean Offshore Europe Ltd,SEMISUB STEEL,DRILLING,,Norway,https://factpages.sodir.no/factpages/default.aspx?nav1=facility&nav2=PageView|Moveable|All&nav3=289387,289387,2050195.0,29.02.2024,22.05.2024
HERMOD,,VESSEL,,,Netherlands,https://factpages.sodir.no/factpages/default.aspx?nav1=facility&nav2=PageView|Moveable|All&nav3=446196,446196,,29.02.2024,22.05.2024
ILE DE BATZ,Alcatel Submarine Networks Marine,VESSEL,UMBILICAL SUPPORT,,France,https://factpages.sodir.no/factpages/default.aspx?nav1=facility&nav2=PageView|Moveable|All&nav3=735644,735644,35000017.0,29.02.2024,22.05.2024
ILE DE OUESSANT,Louis Dreyfus Armateurs S.A.S.,VESSEL,,,France,https://factpages.sodir.no/factpages/default.aspx?nav1=facility&nav2=PageView|Moveable|All&nav3=741458,741458,50000028.0,29.02.2024,22.05.2024
ISLAND COMMANDER,Island Offshore III AS,VESSEL,,,Norway,https://factpages.sodir.no/factpages/default.aspx?nav1=facility&nav2=PageView|Moveable|All&nav3=413474,413474,5125357.0,29.02.2024,22.05.2024
ISLAND CONSTRUCTOR,Island Offshore III AS,VESSEL,WELL INTERVENTION,AOC OK,Norway,https://factpages.sodir.no/factpages/default.aspx?nav1=facility&nav2=PageView|Moveable|All&nav3=405827,405827,5125357.0,29.02.2024,22.05.2024
ISLAND ENFORCER,Island Offshore III AS,VESSEL,,,Norway,https://factpages.sodir.no/factpages/default.aspx?nav1=facility&nav2=PageView|Moveable|All&nav3=411773,411773,5125357.0,29.02.2024,22.05.2024
ISLAND FRONTIER,Island Offshore III AS,VESSEL,WELL INTERVENTION,AOC CANCELLED,Norway,https://factpages.sodir.no/factpages/default.aspx?nav1=facility&nav2=PageView|Moveable|All&nav3=373829,373829,5125357.0,29.02.2024,22.05.2024
ISLAND INNOVATOR,Island Drilling Company AS,SEMISUB STEEL,DRILLING - WELL INTERVENTION,AOC OK,Norway,https://factpages.sodir.no/factpages/default.aspx?nav1=facility&nav2=PageView|Moveable|All&nav3=426940,426940,37710500.0,29.02.2024,22.05.2024
ISLAND PATRIOT,,VESSEL,,,Norway,https://factpages.sodir.no/factpages/default.aspx?nav1=facility&nav2=PageView|Moveable|All&nav3=760646,760646,,29.02.2024,22.05.2024
ISLAND VALIANT,Island Offshore III AS,VESSEL,DRILLING,,Norway,https://factpages.sodir.no/factpages/default.aspx?nav1=facility&nav2=PageView|Moveable|All&nav3=408814,408814,5125357.0,29.02.2024,22.05.2024
ISLAND VANGUARD,Island Offshore III AS,VESSEL,,,Norway,https://factpages.sodir.no/factpages/default.aspx?nav1=facility&nav2=PageView|Moveable|All&nav3=405770,405770,5125357.0,29.02.2024,22.05.2024
ISLAND WELLSERVER,Island Offshore III AS,VESSEL,,AOC OK,Norway,https://factpages.sodir.no/factpages/default.aspx?nav1=facility&nav2=PageView|Moveable|All&nav3=404470,404470,5125357.0,29.02.2024,22.05.2024
J W MCLEAN,R&B Falcon Drilling Inc,SEMISUB STEEL,DRILLING,,Panama,https://factpages.sodir.no/factpages/default.aspx?nav1=facility&nav2=PageView|Moveable|All&nav3=296731,296731,2455372.0,29.02.2024,22.05.2024
JOIDES RESOLUTION,Transocean Offshore Europe Ltd,VESSEL,DRILLING,,Norway,https://factpages.sodir.no/factpages/default.aspx?nav1=facility&nav2=PageView|Moveable|All&nav3=291169,291169,2050195.0,29.02.2024,22.05.2024
JUANITA,,VESSEL,,,Norway,https://factpages.sodir.no/factpages/default.aspx?nav1=facility&nav2=PageView|Moveable|All&nav3=775096,775096,,29.02.2024,22.05.2024
KOLSKAYA,Artic Morneste Gas Ras Vedka,JACK-UP 3 LEGS,DRILLING,,Norway,https://factpages.sodir.no/factpages/default.aspx?nav1=facility&nav2=PageView|Moveable|All&nav3=293977,293977,2359225.0,29.02.2024,22.05.2024
LA MURALLA,Industrial Perforadora de Campeche SA de CV,SEMISUB STEEL,DRILLING,,Russian Federation,https://factpages.sodir.no/factpages/default.aspx?nav1=facility&nav2=PageView|Moveable|All&nav3=288010,288010,2783002.0,29.02.2024,22.05.2024
LDC Fosna Floing,Abyss Group AS,Dive Support Vessel ,,,Norway,https://factpages.sodir.no/factpages/default.aspx?nav1=facility&nav2=PageView|Moveable|All&nav3=758781,758781,50000068.0,29.02.2024,22.05.2024
LDC Freya,Techno Dive AS,Dive Support Vessel ,,,Norway,https://factpages.sodir.no/factpages/default.aspx?nav1=facility&nav2=PageView|Moveable|All&nav3=757306,757306,50000069.0,29.02.2024,22.05.2024
LDC Katrine,Techno Dive AS,Dive Support Vessel ,,,Norway,https://factpages.sodir.no/factpages/default.aspx?nav1=facility&nav2=PageView|Moveable|All&nav3=757601,757601,50000069.0,29.02.2024,22.05.2024
LDC Line,Otech Marine Services Norway AS,Dive Support Vessel ,,,Norway,https://factpages.sodir.no/factpages/default.aspx?nav1=facility&nav2=PageView|Moveable|All&nav3=746888,746888,50000038.0,29.02.2024,22.05.2024
LDC Nina,Techno Dive AS,Dive Support Vessel ,,,Norway,https://factpages.sodir.no/factpages/default.aspx?nav1=facility&nav2=PageView|Moveable|All&nav3=757896,757896,50000069.0,29.02.2024,22.05.2024
LDC Osprey,Otech Marine Services Norway AS,Dive Support Vessel ,,,Norway,https://factpages.sodir.no/factpages/default.aspx?nav1=facility&nav2=PageView|Moveable|All&nav3=757011,757011,50000038.0,29.02.2024,22.05.2024
LDC Seven Spray,Subsea 7 Norway Norsk avdeling av utenlandsk foretak,Dive Support Vessel ,,,Norway,https://factpages.sodir.no/factpages/default.aspx?nav1=facility&nav2=PageView|Moveable|All&nav3=746003,746003,21076900.0,29.02.2024,22.05.2024
LDC Sofia,Techno Dive AS,Dive Support Vessel ,,,Norway,https://factpages.sodir.no/factpages/default.aspx?nav1=facility&nav2=PageView|Moveable|All&nav3=758191,758191,50000069.0,29.02.2024,22.05.2024
LDC Technip Seahunter,Maritime Partner AS,Dive Support Vessel ,,,Norway,https://factpages.sodir.no/factpages/default.aspx?nav1=facility&nav2=PageView|Moveable|All&nav3=744823,744823,50000073.0,29.02.2024,22.05.2024
LDC Thea,Techno Dive AS,Dive Support Vessel ,,,Norway,https://factpages.sodir.no/factpages/default.aspx?nav1=facility&nav2=PageView|Moveable|All&nav3=758486,758486,50000069.0,29.02.2024,22.05.2024
LDC Trust,Subseapartner AS,Dive Support Vessel ,,,Norway,https://factpages.sodir.no/factpages/default.aspx?nav1=facility&nav2=PageView|Moveable|All&nav3=746298,746298,50000039.0,29.02.2024,22.05.2024
LDC Venturer,Subseapartner AS,Dive Support Vessel ,,,Norway,https://factpages.sodir.no/factpages/default.aspx?nav1=facility&nav2=PageView|Moveable|All&nav3=746593,746593,50000039.0,29.02.2024,22.05.2024
LE PELERIN,Transocean Offshore Europe Ltd,VESSEL,,,Norway,https://factpages.sodir.no/factpages/default.aspx?nav1=facility&nav2=PageView|Moveable|All&nav3=289063,289063,2050195.0,29.02.2024,22.05.2024
LEIV EIRIKSSON,Transocean Services AS,SEMISUB STEEL,DRILLING,AOC CANCELLED,Bahamas,https://factpages.sodir.no/factpages/default.aspx?nav1=facility&nav2=PageView|Moveable|All&nav3=297865,297865,33310436.0,29.02.2024,22.05.2024
LINUS,Seadrill Europe Management AS,JACK-UP 3 LEGS,DRILLING,AOC OK,Norway,https://factpages.sodir.no/factpages/default.aspx?nav1=facility&nav2=PageView|Moveable|All&nav3=433653,433653,37710489.0,29.02.2024,22.05.2024
M/S Alpha,IMC Diving AS,Dive Support Vessel ,,,Norway,https://factpages.sodir.no/factpages/default.aspx?nav1=facility&nav2=PageView|Moveable|All&nav3=755536,755536,50000066.0,29.02.2024,22.05.2024
M/S Basen,AS Amundsen Diving,Dive Support Vessel ,,,Norway,https://factpages.sodir.no/factpages/default.aspx?nav1=facility&nav2=PageView|Moveable|All&nav3=756126,756126,50000067.0,29.02.2024,22.05.2024
M/S Grip,AS Amundsen Diving,Dive Support Vessel ,,,Norway,https://factpages.sodir.no/factpages/default.aspx?nav1=facility&nav2=PageView|Moveable|All&nav3=756421,756421,50000067.0,29.02.2024,22.05.2024
M/S Scuba,AS Amundsen Diving,Dive Support Vessel ,,,Norway,https://factpages.sodir.no/factpages/default.aspx?nav1=facility&nav2=PageView|Moveable|All&nav3=755831,755831,50000067.0,29.02.2024,22.05.2024
M/S Sjøservice1,UW Entreprenør AS,Dive Support Vessel ,,,Norway,https://factpages.sodir.no/factpages/default.aspx?nav1=facility&nav2=PageView|Moveable|All&nav3=755241,755241,50000065.0,29.02.2024,22.05.2024
M/V CRYSTAL SEA,AS Brøvigtank,VESSEL,WELL INTERVENTION,,Bahamas,https://factpages.sodir.no/factpages/default.aspx?nav1=facility&nav2=PageView|Moveable|All&nav3=296299,296299,2786190.0,29.02.2024,22.05.2024
MAERSK FORZA,,VESSEL,,,Denmark,https://factpages.sodir.no/factpages/default.aspx?nav1=facility&nav2=PageView|Moveable|All&nav3=739956,739956,,29.02.2024,22.05.2024
MARINER,,VESSEL,DRILLING,,Norway,https://factpages.sodir.no/factpages/default.aspx?nav1=facility&nav2=PageView|Moveable|All&nav3=391107,391107,,29.02.2024,22.05.2024
Mjø II,Sjøentreprenøren AS,Dive Support Vessel ,,,Norway,https://factpages.sodir.no/factpages/default.aspx?nav1=facility&nav2=PageView|Moveable|All&nav3=756716,756716,50000070.0,29.02.2024,22.05.2024
MSV BOTNICA,,VESSEL,,,Finland,https://factpages.sodir.no/factpages/default.aspx?nav1=facility&nav2=PageView|Moveable|All&nav3=402726,402726,,29.02.2024,22.05.2024
MSV ERNEST SHACKLETON,,VESSEL,,,United Kingdom,https://factpages.sodir.no/factpages/default.aspx?nav1=facility&nav2=PageView|Moveable|All&nav3=374031,374031,,29.02.2024,22.05.2024
MSV PELICAN,Stolt Offshore A/S,VESSEL,,,Norway,https://factpages.sodir.no/factpages/default.aspx?nav1=facility&nav2=PageView|Moveable|All&nav3=365715,365715,2411309.0,29.02.2024,22.05.2024
MV GARGANO,,VESSEL,,,United Kingdom,https://factpages.sodir.no/factpages/default.aspx?nav1=facility&nav2=PageView|Moveable|All&nav3=460976,460976,,29.02.2024,22.05.2024
MV OCEAN VANTAGE,,VESSEL,,,Panama,https://factpages.sodir.no/factpages/default.aspx?nav1=facility&nav2=PageView|Moveable|All&nav3=461030,461030,,29.02.2024,22.05.2024
MÆRSK ENDEAVOUR,Mærsk Contractors,JACK-UP 3 LEGS,DRILLING,,Denmark,https://factpages.sodir.no/factpages/default.aspx?nav1=facility&nav2=PageView|Moveable|All&nav3=292087,292087,2472740.0,29.02.2024,22.05.2024
MÆRSK EXPLORER,Mærsk Contractors,SEMISUB STEEL,DRILLING,,Norway,https://factpages.sodir.no/factpages/default.aspx?nav1=facility&nav2=PageView|Moveable|All&nav3=362316,362316,2472740.0,29.02.2024,22.05.2024
MÆRSK GALLANT,Mærsk Contractors,JACK-UP 3 LEGS,DRILLING,AOC CANCELLED,Denmark,https://factpages.sodir.no/factpages/default.aspx?nav1=facility&nav2=PageView|Moveable|All&nav3=296002,296002,2472740.0,29.02.2024,22.05.2024
MÆRSK GIANT,Mærsk Contractors,JACK-UP 3 LEGS,DRILLING,AOC CANCELLED,Denmark,https://factpages.sodir.no/factpages/default.aspx?nav1=facility&nav2=PageView|Moveable|All&nav3=278245,278245,2472740.0,29.02.2024,22.05.2024
MÆRSK GUARDIAN,Mærsk Contractors,JACK-UP 3 LEGS,ACCOMMODATION,AOC CANCELLED,Denmark,https://factpages.sodir.no/factpages/default.aspx?nav1=facility&nav2=PageView|Moveable|All&nav3=292114,292114,2472740.0,29.02.2024,22.05.2024
NAN HAI VI,Wilh Wilhelmsen ASA,SEMISUB STEEL,DRILLING,,China,https://factpages.sodir.no/factpages/default.aspx?nav1=facility&nav2=PageView|Moveable|All&nav3=287848,287848,2417051.0,29.02.2024,22.05.2024
NAVION EUROPA,,VESSEL,OFFLOADING,,Norway,https://factpages.sodir.no/factpages/default.aspx?nav1=facility&nav2=PageView|Moveable|All&nav3=408869,408869,,29.02.2024,22.05.2024
NEPTUNE 7,Energy Equipment Resource Inc,SEMISUB STEEL,,,Norway,https://factpages.sodir.no/factpages/default.aspx?nav1=facility&nav2=PageView|Moveable|All&nav3=288631,288631,2782981.0,29.02.2024,22.05.2024
NOBLE AL WHITE,Noble Drilling,JACK-UP 3 LEGS,DRILLING,,Netherlands,https://factpages.sodir.no/factpages/default.aspx?nav1=facility&nav2=PageView|Moveable|All&nav3=296947,296947,35198.0,29.02.2024,22.05.2024
NOBLE GEORGE SAUVAGEEAU,Noble Drilling,JACK-UP 4 LEGS,DRILLING,,Panama,https://factpages.sodir.no/factpages/default.aspx?nav1=facility&nav2=PageView|Moveable|All&nav3=292141,292141,35198.0,29.02.2024,22.05.2024
NOBLE INNOVATOR,Noble Drilling Norge AS,JACK-UP 3 LEGS,,AOC OK,Norway,https://factpages.sodir.no/factpages/default.aspx?nav1=facility&nav2=PageView|Moveable|All&nav3=297838,297838,50000072.0,29.02.2024,22.05.2024
NOBLE INTEGRATOR,Noble Drilling Norge AS,JACK-UP 3 LEGS,DRILLING,AOC OK,Norway,https://factpages.sodir.no/factpages/default.aspx?nav1=facility&nav2=PageView|Moveable|All&nav3=439774,439774,50000072.0,29.02.2024,22.05.2024
NOBLE INTERCEPTOR,Noble Drilling Norge AS,JACK-UP 3 LEGS,DRILLING,AOC OK,Norway,https://factpages.sodir.no/factpages/default.aspx?nav1=facility&nav2=PageView|Moveable|All&nav3=436222,436222,50000072.0,29.02.2024,22.05.2024
NOBLE INTREPID,Noble Drilling Norge AS,JACK-UP 3 LEGS,DRILLING,AOC OK,Norway,https://factpages.sodir.no/factpages/default.aspx?nav1=facility&nav2=PageView|Moveable|All&nav3=434648,434648,50000072.0,29.02.2024,22.05.2024
NOBLE INVINCIBLE,Noble Drilling Norge AS,JACK-UP 3 LEGS,DRILLING,AOC OK,Denmark,https://factpages.sodir.no/factpages/default.aspx?nav1=facility&nav2=PageView|Moveable|All&nav3=449072,449072,50000072.0,29.02.2024,22.05.2024
NOBLE PIET VAN EDE,Noble Drilling,JACK-UP 3 LEGS,DRILLING,,Panama,https://factpages.sodir.no/factpages/default.aspx?nav1=facility&nav2=PageView|Moveable|All&nav3=292168,292168,35198.0,29.02.2024,22.05.2024
NOBLE REACHER,Noble Drilling Norge AS,JACK-UP 3 LEGS,ACCOMMODATION - DRILLING,AOC OK,Norway,https://factpages.sodir.no/factpages/default.aspx?nav1=facility&nav2=PageView|Moveable|All&nav3=411423,411423,50000072.0,29.02.2024,22.05.2024
NOBLE ROGER EASON,Noble Drilling,VESSEL,DRILLING,,Panama,https://factpages.sodir.no/factpages/default.aspx?nav1=facility&nav2=PageView|Moveable|All&nav3=291466,291466,35198.0,29.02.2024,22.05.2024
NOBLE RONALD HOPE,Noble Drilling,JACK-UP 3 LEGS,DRILLING,,Panama,https://factpages.sodir.no/factpages/default.aspx?nav1=facility&nav2=PageView|Moveable|All&nav3=296488,296488,35198.0,29.02.2024,22.05.2024
NOBLE TON VAN LANGEVELD,Noble Drilling,SEMISUB STEEL,DRILLING,,Panama,https://factpages.sodir.no/factpages/default.aspx?nav1=facility&nav2=PageView|Moveable|All&nav3=292627,292627,35198.0,29.02.2024,22.05.2024
NORMAND CARRIER,Solstad Shipping AS,VESSEL,ACCOMMODATION,,Norway,https://factpages.sodir.no/factpages/default.aspx?nav1=facility&nav2=PageView|Moveable|All&nav3=405450,405450,2449930.0,29.02.2024,22.05.2024
NORMAND FLOWER,Solstad Shipping AS,VESSEL,ACCOMMODATION,,Norway,https://factpages.sodir.no/factpages/default.aspx?nav1=facility&nav2=PageView|Moveable|All&nav3=405509,405509,2449930.0,29.02.2024,22.05.2024
NORMAND FRONTIER,,VESSEL,,,Norway,https://factpages.sodir.no/factpages/default.aspx?nav1=facility&nav2=PageView|Moveable|All&nav3=761907,761907,,29.02.2024,22.05.2024
NORMAND JARL,Solstad Shipping AS,VESSEL,ACCOMMODATION,,Norway,https://factpages.sodir.no/factpages/default.aspx?nav1=facility&nav2=PageView|Moveable|All&nav3=295975,295975,2449930.0,29.02.2024,22.05.2024
NORMAND JARSTEIN,Solstad Shipping AS,VESSEL,ACCOMMODATION,,Norway,https://factpages.sodir.no/factpages/default.aspx?nav1=facility&nav2=PageView|Moveable|All&nav3=711776,711776,2449930.0,29.02.2024,22.05.2024
NORMAND MERMAID,Solstad Shipping AS,VESSEL,ACCOMMODATION,,Norway,https://factpages.sodir.no/factpages/default.aspx?nav1=facility&nav2=PageView|Moveable|All&nav3=403231,403231,2449930.0,29.02.2024,22.05.2024
NORMAND MJOLNE,Solstad Shipping AS,VESSEL,ACCOMMODATION,,Norway,https://factpages.sodir.no/factpages/default.aspx?nav1=facility&nav2=PageView|Moveable|All&nav3=295111,295111,2449930.0,29.02.2024,22.05.2024
NORMAND OCEAN,,VESSEL,,,Norway,https://factpages.sodir.no/factpages/default.aspx?nav1=facility&nav2=PageView|Moveable|All&nav3=775702,775702,,29.02.2024,22.05.2024
NORMAND PROSPER,Solstad Shipping AS,VESSEL,ACCOMMODATION,,Norway,https://factpages.sodir.no/factpages/default.aspx?nav1=facility&nav2=PageView|Moveable|All&nav3=297568,297568,2449930.0,29.02.2024,22.05.2024
NORMAND SKARVEN,Solstad Shipping AS,VESSEL,,,Norway,https://factpages.sodir.no/factpages/default.aspx?nav1=facility&nav2=PageView|Moveable|All&nav3=390818,390818,2449930.0,29.02.2024,22.05.2024
NORMAND SUBSEA,Subsea 7 Norway Norsk avdeling av utenlandsk foretak,VESSEL,,,United Kingdom,https://factpages.sodir.no/factpages/default.aspx?nav1=facility&nav2=PageView|Moveable|All&nav3=429605,429605,21076900.0,29.02.2024,22.05.2024
NORMAND TONJER,Solstad Shipping AS,VESSEL,ACCOMMODATION,,Norway,https://factpages.sodir.no/factpages/default.aspx?nav1=facility&nav2=PageView|Moveable|All&nav3=364465,364465,2449930.0,29.02.2024,22.05.2024
NORMAND VISION,,VESSEL,,,Norway,https://factpages.sodir.no/factpages/default.aspx?nav1=facility&nav2=PageView|Moveable|All&nav3=711468,711468,,29.02.2024,22.05.2024
NORSHORE ATLANTIC,Norshore AS,VESSEL,WELL INTERVENTION,IN QUEUE FOR AOC,Norway,https://factpages.sodir.no/factpages/default.aspx?nav1=facility&nav2=PageView|Moveable|All&nav3=426997,426997,22528907.0,29.02.2024,22.05.2024
NORTH SEA ATLANTIC,North Sea Shipping AS,VESSEL,,,Norway,https://factpages.sodir.no/factpages/default.aspx?nav1=facility&nav2=PageView|Moveable|All&nav3=741160,741160,35000012.0,29.02.2024,22.05.2024
NORTH SEA GIANT,North Sea Shipping AS,VESSEL,,,Norway,https://factpages.sodir.no/factpages/default.aspx?nav1=facility&nav2=PageView|Moveable|All&nav3=734095,734095,35000012.0,29.02.2024,22.05.2024
OCEAN ALLIANCE,Diamond Offshore Drilling LTD.,SEMISUB STEEL,DRILLING,,Norway,https://factpages.sodir.no/factpages/default.aspx?nav1=facility&nav2=PageView|Moveable|All&nav3=292654,292654,2258713.0,29.02.2024,22.05.2024
OCEAN BARONESS,Diamond Offshore Drilling LTD.,SEMISUB STEEL,DRILLING,,Panama,https://factpages.sodir.no/factpages/default.aspx?nav1=facility&nav2=PageView|Moveable|All&nav3=289171,289171,2258713.0,29.02.2024,22.05.2024
OCEAN BOUNTY,Diamond Offshore Drilling LTD.,SEMISUB STEEL,DRILLING,,Panama,https://factpages.sodir.no/factpages/default.aspx?nav1=facility&nav2=PageView|Moveable|All&nav3=290008,290008,2258713.0,29.02.2024,22.05.2024
OCEAN CLEVER,,VESSEL,,,Norway,https://factpages.sodir.no/factpages/default.aspx?nav1=facility&nav2=PageView|Moveable|All&nav3=406001,406001,,29.02.2024,22.05.2024
OCEAN CONFIDENCE,Diamond Offshore Drilling LTD.,SEMISUB STEEL,DRILLING,,Panama,https://factpages.sodir.no/factpages/default.aspx?nav1=facility&nav2=PageView|Moveable|All&nav3=295786,295786,2258713.0,29.02.2024,22.05.2024
OCEAN LIBERATOR,Diamond Offshore Drilling LTD.,SEMISUB STEEL,DRILLING,,Panama,https://factpages.sodir.no/factpages/default.aspx?nav1=facility&nav2=PageView|Moveable|All&nav3=296380,296380,2258713.0,29.02.2024,22.05.2024
OCEAN PRINCESS,Diamond Offshore Drilling LTD.,SEMISUB STEEL,DRILLING,,Panama,https://factpages.sodir.no/factpages/default.aspx?nav1=facility&nav2=PageView|Moveable|All&nav3=289360,289360,2258713.0,29.02.2024,22.05.2024
OCEAN SKY,,VESSEL,,,Norway,https://factpages.sodir.no/factpages/default.aspx?nav1=facility&nav2=PageView|Moveable|All&nav3=405947,405947,,29.02.2024,22.05.2024
OCEAN TIDE,Diamond Offshore Drilling LTD.,JACK-UP 3 LEGS,DRILLING,,Norway,https://factpages.sodir.no/factpages/default.aspx?nav1=facility&nav2=PageView|Moveable|All&nav3=288469,288469,2258713.0,29.02.2024,22.05.2024
OCEAN TRAVELER,Diamond Offshore Drilling LTD.,SEMISUB STEEL,DRILLING,,Norway,https://factpages.sodir.no/factpages/default.aspx?nav1=facility&nav2=PageView|Moveable|All&nav3=288496,288496,2258713.0,29.02.2024,22.05.2024
OCEAN VALIANT,Diamond Offshore Drilling LTD.,SEMISUB STEEL,DRILLING,,Norway,https://factpages.sodir.no/factpages/default.aspx?nav1=facility&nav2=PageView|Moveable|All&nav3=294085,294085,2258713.0,29.02.2024,22.05.2024
OCEAN VANGUARD,Diamond Offshore Drilling LTD.,SEMISUB STEEL,DRILLING,AOC OK,Marshall Islands,https://factpages.sodir.no/factpages/default.aspx?nav1=facility&nav2=PageView|Moveable|All&nav3=287902,287902,2258713.0,29.02.2024,22.05.2024
OCEAN VICTORY,Diamond Offshore Drilling LTD.,SEMISUB STEEL,DRILLING,,Norway,https://factpages.sodir.no/factpages/default.aspx?nav1=facility&nav2=PageView|Moveable|All&nav3=288523,288523,2258713.0,29.02.2024,22.05.2024
OCEAN VIKING,Diamond Offshore Drilling LTD.,SEMISUB STEEL,DRILLING,,Norway,https://factpages.sodir.no/factpages/default.aspx?nav1=facility&nav2=PageView|Moveable|All&nav3=296407,296407,2258713.0,29.02.2024,22.05.2024
OCEAN VOYAGER,Diamond Offshore Drilling LTD.,SEMISUB STEEL,DRILLING,,Norway,https://factpages.sodir.no/factpages/default.aspx?nav1=facility&nav2=PageView|Moveable|All&nav3=288550,288550,2258713.0,29.02.2024,22.05.2024
OCEAN WINNER,Diamond Offshore Drilling LTD.,SEMISUB STEEL,DRILLING,,Panama,https://factpages.sodir.no/factpages/default.aspx?nav1=facility&nav2=PageView|Moveable|All&nav3=298081,298081,2258713.0,29.02.2024,22.05.2024
OCEAN YATZY,Diamond Offshore Drilling LTD.,SEMISUB STEEL,DRILLING,,Panama,https://factpages.sodir.no/factpages/default.aspx?nav1=facility&nav2=PageView|Moveable|All&nav3=289306,289306,2258713.0,29.02.2024,22.05.2024
ODIN DRILL,Energy Equipment Resource Inc,SEMISUB STEEL,,,Norway,https://factpages.sodir.no/factpages/default.aspx?nav1=facility&nav2=PageView|Moveable|All&nav3=288577,288577,2782981.0,29.02.2024,22.05.2024
OLYMPIC DELTA,Olympic Shipping AS,VESSEL,,,Norway,https://factpages.sodir.no/factpages/default.aspx?nav1=facility&nav2=PageView|Moveable|All&nav3=765542,765542,50000092.0,29.02.2024,22.05.2024
OLYMPIC ZEUS,Olympic Exploration III AS,VESSEL,,,Norway,https://factpages.sodir.no/factpages/default.aspx?nav1=facility&nav2=PageView|Moveable|All&nav3=432298,432298,23410500.0,29.02.2024,22.05.2024
ORION,Energy Equipment Resource Inc,JACK-UP 3 LEGS,,,Norway,https://factpages.sodir.no/factpages/default.aspx?nav1=facility&nav2=PageView|Moveable|All&nav3=288604,288604,2782981.0,29.02.2024,22.05.2024
PAUL B LOYD JR,Transocean Offshore Europe Ltd,SEMISUB STEEL,DRILLING,,Panama,https://factpages.sodir.no/factpages/default.aspx?nav1=facility&nav2=PageView|Moveable|All&nav3=295084,295084,2050195.0,29.02.2024,22.05.2024
PELERIN,Transocean Offshore Europe Ltd,SEMISUB STEEL,,,Norway,https://factpages.sodir.no/factpages/default.aspx?nav1=facility&nav2=PageView|Moveable|All&nav3=289036,289036,2050195.0,29.02.2024,22.05.2024
PENTAGONE 84,Transocean Offshore Europe Ltd,SEMISUB STEEL,,,Norway,https://factpages.sodir.no/factpages/default.aspx?nav1=facility&nav2=PageView|Moveable|All&nav3=288982,288982,2050195.0,29.02.2024,22.05.2024
PETROBRAS XXIII,Petrobras Norge A/S,SEMISUB STEEL,DRILLING,,Liberia,https://factpages.sodir.no/factpages/default.aspx?nav1=facility&nav2=PageView|Moveable|All&nav3=289414,289414,639.0,29.02.2024,22.05.2024
PHOLAS,Coe Metcalf Shipping LTD.,VESSEL,DRILLING,,Norway,https://factpages.sodir.no/factpages/default.aspx?nav1=facility&nav2=PageView|Moveable|All&nav3=361873,361873,2359249.0,29.02.2024,22.05.2024
POLAR BJØRN,Polar Search AS,VESSEL,,,Norway,https://factpages.sodir.no/factpages/default.aspx?nav1=facility&nav2=PageView|Moveable|All&nav3=295516,295516,2786227.0,29.02.2024,22.05.2024
POLAR KING,,VESSEL,,,Cyprus,https://factpages.sodir.no/factpages/default.aspx?nav1=facility&nav2=PageView|Moveable|All&nav3=446304,446304,,29.02.2024,22.05.2024
POLAR PIONEER,Transocean Offshore Europe Ltd,SEMISUB STEEL,DRILLING,AOC CANCELLED,Panama,https://factpages.sodir.no/factpages/default.aspx?nav1=facility&nav2=PageView|Moveable|All&nav3=289333,289333,2050195.0,29.02.2024,22.05.2024
POLAR PRINCE,Polar Search AS,VESSEL,,,Italy,https://factpages.sodir.no/factpages/default.aspx?nav1=facility&nav2=PageView|Moveable|All&nav3=297379,297379,2786227.0,29.02.2024,22.05.2024
POLAR QUEEN,Polar Search AS,VESSEL,,,Norway,https://factpages.sodir.no/factpages/default.aspx?nav1=facility&nav2=PageView|Moveable|All&nav3=295489,295489,2786227.0,29.02.2024,22.05.2024
POLARSTERN,,VESSEL,,,Germany,https://factpages.sodir.no/factpages/default.aspx?nav1=facility&nav2=PageView|Moveable|All&nav3=378320,378320,,29.02.2024,22.05.2024
POLYGLOMAR DRILLER,,SEMISUB STEEL,DRILLING,,Norway,https://factpages.sodir.no/factpages/default.aspx?nav1=facility&nav2=PageView|Moveable|All&nav3=362458,362458,,29.02.2024,22.05.2024
PRIDE SOUTH PACIFIC,Pride International Inc,SEMISUB STEEL,,,Panama,https://factpages.sodir.no/factpages/default.aspx?nav1=facility&nav2=PageView|Moveable|All&nav3=288145,288145,2449871.0,29.02.2024,22.05.2024
REGALIA,Prosafe Offshore Limited,SEMISUB STEEL,ACCOMMODATION,AOC CANCELLED,Bahamas,https://factpages.sodir.no/factpages/default.aspx?nav1=facility&nav2=PageView|Moveable|All&nav3=293815,293815,2252705.0,29.02.2024,22.05.2024
REM HRIST,REM Offshore AS,VESSEL,,,Norway,https://factpages.sodir.no/factpages/default.aspx?nav1=facility&nav2=PageView|Moveable|All&nav3=767049,767049,50000095.0,29.02.2024,22.05.2024
REM OCEAN,REM Offshore ASA,VESSEL,,,Norway,https://factpages.sodir.no/factpages/default.aspx?nav1=facility&nav2=PageView|Moveable|All&nav3=440434,440434,23892036.0,29.02.2024,22.05.2024
REM VISION,REM Offshore ASA,VESSEL,WELL INTERVENTION,,Norway,https://factpages.sodir.no/factpages/default.aspx?nav1=facility&nav2=PageView|Moveable|All&nav3=435117,435117,23892036.0,29.02.2024,22.05.2024
ROCKWATER SEMI 1,Prosafe Offshore Limited,SEMISUB STEEL,,,Netherlands,https://factpages.sodir.no/factpages/default.aspx?nav1=facility&nav2=PageView|Moveable|All&nav3=294166,294166,2252705.0,29.02.2024,22.05.2024
ROSS RIG (1),Ross Rig AS P/R,SEMISUB STEEL,,,Norway,https://factpages.sodir.no/factpages/default.aspx?nav1=facility&nav2=PageView|Moveable|All&nav3=446033,446033,27704406.0,29.02.2024,22.05.2024
ROWAN GORILLA VI,Rowan Companies Inc,JACK-UP 3 LEGS,,AOC CANCELLED,United Kingdom,https://factpages.sodir.no/factpages/default.aspx?nav1=facility&nav2=PageView|Moveable|All&nav3=375355,375355,4240911.0,29.02.2024,22.05.2024
ROWAN NORWAY,Rowan Norway Limited,JACK-UP 3 LEGS,DRILLING,AOC OK,Marshall Islands,https://factpages.sodir.no/factpages/default.aspx?nav1=facility&nav2=PageView|Moveable|All&nav3=417599,417599,50000025.0,29.02.2024,22.05.2024
ROWAN STAVANGER,Rowan Norway Limited,JACK-UP 3 LEGS,DRILLING,AOC OK,Norway,https://factpages.sodir.no/factpages/default.aspx?nav1=facility&nav2=PageView|Moveable|All&nav3=413943,413943,50000025.0,29.02.2024,22.05.2024
SAFE BOREAS,Prosafe Offshore Limited,SEMISUB STEEL,,AOC OK,Norway,https://factpages.sodir.no/factpages/default.aspx?nav1=facility&nav2=PageView|Moveable|All&nav3=434930,434930,2252705.0,29.02.2024,22.05.2024
SAFE BRITANIA,Prosafe Offshore Limited,SEMISUB STEEL,ACCOMMODATION,,Norway,https://factpages.sodir.no/factpages/default.aspx?nav1=facility&nav2=PageView|Moveable|All&nav3=296785,296785,2252705.0,29.02.2024,22.05.2024
SAFE CALEDONIA,Prosafe Offshore Limited,SEMISUB STEEL,ACCOMMODATION,,Norway,https://factpages.sodir.no/factpages/default.aspx?nav1=facility&nav2=PageView|Moveable|All&nav3=297730,297730,2252705.0,29.02.2024,22.05.2024
SAFE LANCIA,Prosafe Offshore Limited,SEMISUB STEEL,ACCOMMODATION,,Norway,https://factpages.sodir.no/factpages/default.aspx?nav1=facility&nav2=PageView|Moveable|All&nav3=295138,295138,2252705.0,29.02.2024,22.05.2024
SAFE SCANDINAVIA,Prosafe Offshore Limited,SEMISUB STEEL,ACCOMMODATION,AOC OK,Norway,https://factpages.sodir.no/factpages/default.aspx?nav1=facility&nav2=PageView|Moveable|All&nav3=297757,297757,2252705.0,29.02.2024,22.05.2024
SAFE ZEPHYRUS,,SEMISUB STEEL,,AOC OK,Singapore,https://factpages.sodir.no/factpages/default.aspx?nav1=facility&nav2=PageView|Moveable|All&nav3=445466,445466,,29.02.2024,22.05.2024
SAIPEM 7000,Saipem (UK) Ltd,VESSEL,,,Italy,https://factpages.sodir.no/factpages/default.aspx?nav1=facility&nav2=PageView|Moveable|All&nav3=297190,297190,40874.0,29.02.2024,22.05.2024
SAIPEM II,Saipem (UK) Ltd,VESSEL,,,Norway,https://factpages.sodir.no/factpages/default.aspx?nav1=facility&nav2=PageView|Moveable|All&nav3=288685,288685,40874.0,29.02.2024,22.05.2024
SANTA FE 135,Global SantaFe Corporation,SEMISUB STEEL,,,Norway,https://factpages.sodir.no/factpages/default.aspx?nav1=facility&nav2=PageView|Moveable|All&nav3=289792,289792,2449400.0,29.02.2024,22.05.2024
SANTA FE 140,Global SantaFe Corporation,SEMISUB STEEL,,,Norway,https://factpages.sodir.no/factpages/default.aspx?nav1=facility&nav2=PageView|Moveable|All&nav3=289819,289819,2449400.0,29.02.2024,22.05.2024
SCANDI ACERGY,DOF Management AS,VESSEL,,,Norway,https://factpages.sodir.no/factpages/default.aspx?nav1=facility&nav2=PageView|Moveable|All&nav3=415496,415496,5781675.0,29.02.2024,22.05.2024
SCARABEO 5,Saipem (UK) Ltd,SEMISUB STEEL,DRILLING,AOC CANCELLED,Italy,https://factpages.sodir.no/factpages/default.aspx?nav1=facility&nav2=PageView|Moveable|All&nav3=294058,294058,40874.0,29.02.2024,22.05.2024
SCARABEO 6,Saipem (UK) Ltd,SEMISUB STEEL,DRILLING,IN QUEUE FOR AOC,Bahamas,https://factpages.sodir.no/factpages/default.aspx?nav1=facility&nav2=PageView|Moveable|All&nav3=297001,297001,40874.0,29.02.2024,22.05.2024
SCARABEO 8,Saipem Drilling Norway AS,SEMISUB STEEL,DRILLING,AOC OK,Italy,https://factpages.sodir.no/factpages/default.aspx?nav1=facility&nav2=PageView|Moveable|All&nav3=404415,404415,35000030.0,29.02.2024,22.05.2024
SEAWAY CONDOR,Stolt Offshore A/S,VESSEL,,,Norway,https://factpages.sodir.no/factpages/default.aspx?nav1=facility&nav2=PageView|Moveable|All&nav3=294220,294220,2411309.0,29.02.2024,22.05.2024
SEAWAY HARRIER,Stolt Offshore A/S,VESSEL,,,Norway,https://factpages.sodir.no/factpages/default.aspx?nav1=facility&nav2=PageView|Moveable|All&nav3=294328,294328,2411309.0,29.02.2024,22.05.2024
SEAWAY OSPREY,Stolt Offshore A/S,VESSEL,,,Norway,https://factpages.sodir.no/factpages/default.aspx?nav1=facility&nav2=PageView|Moveable|All&nav3=297973,297973,2411309.0,29.02.2024,22.05.2024
SEDCO 135 G,Transocean Offshore Europe Ltd,SEMISUB STEEL,,,Norway,https://factpages.sodir.no/factpages/default.aspx?nav1=facility&nav2=PageView|Moveable|All&nav3=288766,288766,2050195.0,29.02.2024,22.05.2024
SEDCO 703,Transocean Offshore Europe Ltd,SEMISUB STEEL,,,Norway,https://factpages.sodir.no/factpages/default.aspx?nav1=facility&nav2=PageView|Moveable|All&nav3=288793,288793,2050195.0,29.02.2024,22.05.2024
SEDCO 704,Transocean Offshore Europe Ltd,SEMISUB STEEL,,,Norway,https://factpages.sodir.no/factpages/default.aspx?nav1=facility&nav2=PageView|Moveable|All&nav3=288820,288820,2050195.0,29.02.2024,22.05.2024
SEDCO 707,Transocean Offshore Europe Ltd,SEMISUB STEEL,,,Norway,https://factpages.sodir.no/factpages/default.aspx?nav1=facility&nav2=PageView|Moveable|All&nav3=288037,288037,2050195.0,29.02.2024,22.05.2024
SEDCO H,Transocean Offshore Europe Ltd,SEMISUB STEEL,,,Norway,https://factpages.sodir.no/factpages/default.aspx?nav1=facility&nav2=PageView|Moveable|All&nav3=288712,288712,2050195.0,29.02.2024,22.05.2024
SEDNETH I,Transocean Offshore Europe Ltd,SEMISUB STEEL,,,Norway,https://factpages.sodir.no/factpages/default.aspx?nav1=facility&nav2=PageView|Moveable|All&nav3=288847,288847,2050195.0,29.02.2024,22.05.2024
SEVEN ATLANTIC,Subsea 7 Norway Norsk avdeling av utenlandsk foretak,Dive Support Vessel ,,,United Kingdom,https://factpages.sodir.no/factpages/default.aspx?nav1=facility&nav2=PageView|Moveable|All&nav3=742348,742348,21076900.0,29.02.2024,22.05.2024
SEVEN FALCON,Subsea 7 Norway Norsk avdeling av utenlandsk foretak,Dive Support Vessel ,,,United Kingdom,https://factpages.sodir.no/factpages/default.aspx?nav1=facility&nav2=PageView|Moveable|All&nav3=740255,740255,21076900.0,29.02.2024,22.05.2024
SEVEN OCEANIC,Northern Lights JV DA,VESSEL,,,United Kingdom,https://factpages.sodir.no/factpages/default.aspx?nav1=facility&nav2=PageView|Moveable|All&nav3=760308,760308,35000015.0,29.02.2024,22.05.2024
SEVEN OCEANS,Subsea 7 Norway Norsk avdeling av utenlandsk foretak,VESSEL,,,Isle of Man,https://factpages.sodir.no/factpages/default.aspx?nav1=facility&nav2=PageView|Moveable|All&nav3=740860,740860,21076900.0,29.02.2024,22.05.2024
SEVEN PELICAN,Well Ops (UK) Ltd,VESSEL,,,United Kingdom,https://factpages.sodir.no/factpages/default.aspx?nav1=facility&nav2=PageView|Moveable|All&nav3=364568,364568,2819894.0,29.02.2024,22.05.2024
SEVEN SISTERS,Siem Offshore AS,VESSEL,,,Norway,https://factpages.sodir.no/factpages/default.aspx?nav1=facility&nav2=PageView|Moveable|All&nav3=409783,409783,18054440.0,29.02.2024,22.05.2024
SEVEN VIKING,Eidesvik Shipping AS,VESSEL,,,Norway,https://factpages.sodir.no/factpages/default.aspx?nav1=facility&nav2=PageView|Moveable|All&nav3=435177,435177,3362279.0,29.02.2024,22.05.2024
SHELF DRILLING BARSK,Shelf Drilling (Norway) AS,JACK-UP 3 LEGS,,AOC CANCELLED,Liberia,https://factpages.sodir.no/factpages/default.aspx?nav1=facility&nav2=PageView|Moveable|All&nav3=733420,733420,50000086.0,13.03.2024,22.05.2024
SIEM DAY,Siem Offshore AS,VESSEL,,,Norway,https://factpages.sodir.no/factpages/default.aspx?nav1=facility&nav2=PageView|Moveable|All&nav3=740559,740559,18054440.0,29.02.2024,22.05.2024
SIEM PILOT,Siem Offshore AS,VESSEL,,,Norway,https://factpages.sodir.no/factpages/default.aspx?nav1=facility&nav2=PageView|Moveable|All&nav3=415967,415967,18054440.0,29.02.2024,22.05.2024
SIEM STINGRAY,,VESSEL,,,Bahamas,https://factpages.sodir.no/factpages/default.aspx?nav1=facility&nav2=PageView|Moveable|All&nav3=775404,775404,,29.02.2024,22.05.2024
SIRI KNUTSEN,Knutsen Nyk Offshore Tankers 1 AS,VESSEL,WELL INTERVENTION,,Norway,https://factpages.sodir.no/factpages/default.aspx?nav1=facility&nav2=PageView|Moveable|All&nav3=432355,432355,23410596.0,29.02.2024,22.05.2024
SKANDI AKER,DOF Management AS,VESSEL,,,Norway,https://factpages.sodir.no/factpages/default.aspx?nav1=facility&nav2=PageView|Moveable|All&nav3=411835,411835,5781675.0,29.02.2024,22.05.2024
SKANDI ARCTIC,DOF Management AS,VESSEL,,,Norway,https://factpages.sodir.no/factpages/default.aspx?nav1=facility&nav2=PageView|Moveable|All&nav3=429269,429269,5781675.0,29.02.2024,22.05.2024
SKANDI BERGEN,DOF Management AS,VESSEL,,,Bermuda,https://factpages.sodir.no/factpages/default.aspx?nav1=facility&nav2=PageView|Moveable|All&nav3=441099,441099,5781675.0,29.02.2024,22.05.2024
SKANDI CHIEFTAIN,DOF Management AS,VESSEL,,,Norway,https://factpages.sodir.no/factpages/default.aspx?nav1=facility&nav2=PageView|Moveable|All&nav3=415441,415441,5781675.0,29.02.2024,22.05.2024
SKANDI FLORA,,VESSEL,,,Norway,https://factpages.sodir.no/factpages/default.aspx?nav1=facility&nav2=PageView|Moveable|All&nav3=777657,777657,,09.05.2024,22.05.2024
SKANDI SEVEN,DOF Management AS,VESSEL,,,Norway,https://factpages.sodir.no/factpages/default.aspx?nav1=facility&nav2=PageView|Moveable|All&nav3=440496,440496,5781675.0,29.02.2024,22.05.2024
SKANDI SOTRA,DOF Management AS,VESSEL,ACCOMMODATION,,Norway,https://factpages.sodir.no/factpages/default.aspx?nav1=facility&nav2=PageView|Moveable|All&nav3=406180,406180,5781675.0,29.02.2024,22.05.2024
SKANDI VEGA,,VESSEL,,,Norway,https://factpages.sodir.no/factpages/default.aspx?nav1=facility&nav2=PageView|Moveable|All&nav3=744519,744519,,29.02.2024,22.05.2024
SONGA DEE,Songa Offshore ASA,SEMISUB STEEL,DRILLING,AOC CANCELLED,Norway,https://factpages.sodir.no/factpages/default.aspx?nav1=facility&nav2=PageView|Moveable|All&nav3=290980,290980,4055931.0,29.02.2024,22.05.2024
SONGA DELTA,Songa Offshore ASA,SEMISUB STEEL,DRILLING,AOC OK,Norway,https://factpages.sodir.no/factpages/default.aspx?nav1=facility&nav2=PageView|Moveable|All&nav3=287821,287821,4055931.0,29.02.2024,22.05.2024
SONGA TRYM,Songa Offshore ASA,SEMISUB STEEL,DRILLING,AOC OK,Norway,https://factpages.sodir.no/factpages/default.aspx?nav1=facility&nav2=PageView|Moveable|All&nav3=296164,296164,4055931.0,29.02.2024,22.05.2024
SOVEREIGN EXPLOR,Transocean Offshore Europe Ltd,SEMISUB STEEL,DRILLING,,Liberia,https://factpages.sodir.no/factpages/default.aspx?nav1=facility&nav2=PageView|Moveable|All&nav3=289846,289846,2050195.0,29.02.2024,22.05.2024
STENA DON,Stena Drilling Limited,SEMISUB STEEL,DRILLING,AOC CANCELLED,Marshall Islands,https://factpages.sodir.no/factpages/default.aspx?nav1=facility&nav2=PageView|Moveable|All&nav3=297649,297649,2399644.0,29.02.2024,22.05.2024
Stril Herkules,,VESSEL,,,Norway,https://factpages.sodir.no/factpages/default.aspx?nav1=facility&nav2=PageView|Moveable|All&nav3=774781,774781,,29.02.2024,22.05.2024
TOISA PERSEUS,Sealion Shipping Ltd,VESSEL,,,Norway,https://factpages.sodir.no/factpages/default.aspx?nav1=facility&nav2=PageView|Moveable|All&nav3=297676,297676,1629661.0,29.02.2024,22.05.2024
TOISA POLARIS,Sealion Shipping Ltd,VESSEL,,,Norway,https://factpages.sodir.no/factpages/default.aspx?nav1=facility&nav2=PageView|Moveable|All&nav3=297622,297622,1629661.0,29.02.2024,22.05.2024
TRANSOCEAN AMIRANTE,Transocean Offshore Europe Ltd,SEMISUB STEEL,DRILLING,,Panama,https://factpages.sodir.no/factpages/default.aspx?nav1=facility&nav2=PageView|Moveable|All&nav3=290737,290737,2050195.0,29.02.2024,22.05.2024
TRANSOCEAN ARCTIC,Transocean Offshore Europe Ltd,SEMISUB STEEL,DRILLING,AOC CANCELLED,Marshall Islands,https://factpages.sodir.no/factpages/default.aspx?nav1=facility&nav2=PageView|Moveable|All&nav3=294382,294382,2050195.0,29.02.2024,22.05.2024
TRANSOCEAN BARENTS,Transocean Services AS,SEMISUB STEEL,DRILLING,AOC OK,Bahamas,https://factpages.sodir.no/factpages/default.aspx?nav1=facility&nav2=PageView|Moveable|All&nav3=404303,404303,33310436.0,29.02.2024,22.05.2024
TRANSOCEAN ENABLER,Transocean Services AS,SEMISUB STEEL,DRILLING,AOC OK,Norway,https://factpages.sodir.no/factpages/default.aspx?nav1=facility&nav2=PageView|Moveable|All&nav3=439972,439972,33310436.0,29.02.2024,22.05.2024
TRANSOCEAN ENCOURAGE,Transocean Services AS,SEMISUB STEEL,DRILLING,AOC OK,Cayman Islands,https://factpages.sodir.no/factpages/default.aspx?nav1=facility&nav2=PageView|Moveable|All&nav3=440029,440029,33310436.0,29.02.2024,22.05.2024
TRANSOCEAN ENDURANCE,Transocean Services AS,SEMISUB STEEL,DRILLING,AOC OK,Norway,https://factpages.sodir.no/factpages/default.aspx?nav1=facility&nav2=PageView|Moveable|All&nav3=435043,435043,33310436.0,29.02.2024,22.05.2024
TRANSOCEAN EQUINOX,Transocean Services AS,SEMISUB STEEL,DRILLING,AOC OK,Norway,https://factpages.sodir.no/factpages/default.aspx?nav1=facility&nav2=PageView|Moveable|All&nav3=434985,434985,33310436.0,29.02.2024,22.05.2024
TRANSOCEAN LEADER,Transocean Offshore Europe Ltd,SEMISUB STEEL,DRILLING,AOC OK,Bahamas,https://factpages.sodir.no/factpages/default.aspx?nav1=facility&nav2=PageView|Moveable|All&nav3=296677,296677,2050195.0,29.02.2024,22.05.2024
TRANSOCEAN NORDIC,Transocean Offshore Europe Ltd,JACK-UP 3 LEGS,DRILLING,IN QUEUE FOR AOC,Panama,https://factpages.sodir.no/factpages/default.aspx?nav1=facility&nav2=PageView|Moveable|All&nav3=296191,296191,2050195.0,29.02.2024,22.05.2024
TRANSOCEAN NORGE,Transocean Services AS,SEMISUB STEEL,DRILLING,AOC OK,Singapore,https://factpages.sodir.no/factpages/default.aspx?nav1=facility&nav2=PageView|Moveable|All&nav3=705700,705700,33310436.0,29.02.2024,22.05.2024
TRANSOCEAN PROSPECT,Transocean Offshore Europe Ltd,SEMISUB STEEL,DRILLING,IN QUEUE FOR AOC,Bahamas,https://factpages.sodir.no/factpages/default.aspx?nav1=facility&nav2=PageView|Moveable|All&nav3=296218,296218,2050195.0,29.02.2024,22.05.2024
TRANSOCEAN SEARCHER,Transocean Offshore Europe Ltd,SEMISUB STEEL,DRILLING,AOC OK,Marshall Islands,https://factpages.sodir.no/factpages/default.aspx?nav1=facility&nav2=PageView|Moveable|All&nav3=296245,296245,2050195.0,29.02.2024,22.05.2024
TRANSOCEAN SPITSBERGEN,Transocean Services AS,SEMISUB STEEL,DRILLING,AOC OK,Bahamas,https://factpages.sodir.no/factpages/default.aspx?nav1=facility&nav2=PageView|Moveable|All&nav3=404201,404201,33310436.0,29.02.2024,22.05.2024
TRANSOCEAN WINNER,Transocean Offshore Europe Ltd,SEMISUB STEEL,DRILLING,AOC OK,Marshall Islands,https://factpages.sodir.no/factpages/default.aspx?nav1=facility&nav2=PageView|Moveable|All&nav3=296326,296326,2050195.0,29.02.2024,22.05.2024
TRANSWORLD RIG61,Transocean Offshore Europe Ltd,SEMISUB STEEL,DRILLING,,Norway,https://factpages.sodir.no/factpages/default.aspx?nav1=facility&nav2=PageView|Moveable|All&nav3=362531,362531,2050195.0,29.02.2024,22.05.2024
VALARIS VIKING,Rowan Norway Limited,JACK-UP 3 LEGS,DRILLING,AOC OK,Norway,https://factpages.sodir.no/factpages/default.aspx?nav1=facility&nav2=PageView|Moveable|All&nav3=434872,434872,50000025.0,29.02.2024,22.05.2024
VIKING ENERGY,Eidesvik Shipping AS,VESSEL,,,Norway,https://factpages.sodir.no/factpages/default.aspx?nav1=facility&nav2=PageView|Moveable|All&nav3=445975,445975,3362279.0,29.02.2024,22.05.2024
VIKING POSEIDON,Eidesvik Shipping AS,VESSEL,,,Norway,https://factpages.sodir.no/factpages/default.aspx?nav1=facility&nav2=PageView|Moveable|All&nav3=368585,368585,3362279.0,29.02.2024,22.05.2024
VOLSTAD SUPPLIER,Volstad Shipping AS,VESSEL,,,Norway,https://factpages.sodir.no/factpages/default.aspx?nav1=facility&nav2=PageView|Moveable|All&nav3=395490,395490,4966195.0,29.02.2024,22.05.2024
VOLSTAD SURVEYOR,Volstad Shipping AS,VESSEL,,,Norway,https://factpages.sodir.no/factpages/default.aspx?nav1=facility&nav2=PageView|Moveable|All&nav3=436341,436341,4966195.0,29.02.2024,22.05.2024
WELLSERVICER,Technip Offshore UK Limited,VESSEL,ACCOMMODATION,,United Kingdom,https://factpages.sodir.no/factpages/default.aspx?nav1=facility&nav2=PageView|Moveable|All&nav3=373983,373983,4055814.0,29.02.2024,22.05.2024
WEST ALPHA,North Atlantic Norway Ltd,SEMISUB STEEL,DRILLING,AOC CANCELLED,Panama,https://factpages.sodir.no/factpages/default.aspx?nav1=facility&nav2=PageView|Moveable|All&nav3=297514,297514,22507678.0,29.02.2024,22.05.2024
WEST BETA,Seadrill Offshore AS,JACK-UP 3 LEGS,DRILLING,,Liberia,https://factpages.sodir.no/factpages/default.aspx?nav1=facility&nav2=PageView|Moveable|All&nav3=288118,288118,4070351.0,29.02.2024,22.05.2024
WEST BOLLSTA,Seadrill Europe Management AS,SEMISUB STEEL,DRILLING,AOC OK,Norway,https://factpages.sodir.no/factpages/default.aspx?nav1=facility&nav2=PageView|Moveable|All&nav3=709498,709498,37710489.0,29.02.2024,22.05.2024
WEST ELARA,Seadrill Europe Management AS,JACK-UP 3 LEGS,DRILLING,AOC OK,Norway,https://factpages.sodir.no/factpages/default.aspx?nav1=facility&nav2=PageView|Moveable|All&nav3=414002,414002,37710489.0,29.02.2024,22.05.2024
WEST EPSILON,North Atlantic Norway Ltd,JACK-UP 3 LEGS,DRILLING,AOC CANCELLED,Panama,https://factpages.sodir.no/factpages/default.aspx?nav1=facility&nav2=PageView|Moveable|All&nav3=296110,296110,22507678.0,29.02.2024,22.05.2024
WEST GAMMA,Seadrill Offshore AS,JACK-UP 3 LEGS,DRILLING,,Norway,https://factpages.sodir.no/factpages/default.aspx?nav1=facility&nav2=PageView|Moveable|All&nav3=288226,288226,4070351.0,29.02.2024,22.05.2024
WEST HERCULES,Seadrill Europe Management AS,SEMISUB STEEL,DRILLING,AOC CANCELLED,Norway,https://factpages.sodir.no/factpages/default.aspx?nav1=facility&nav2=PageView|Moveable|All&nav3=415836,415836,37710489.0,29.02.2024,22.05.2024
WEST MIRA,Seadrill Europe Management AS,SEMISUB STEEL,DRILLING,AOC CANCELLED,Norway,https://factpages.sodir.no/factpages/default.aspx?nav1=facility&nav2=PageView|Moveable|All&nav3=706302,706302,37710489.0,29.02.2024,22.05.2024
WEST NAVIGATOR,Seadrill Offshore AS,VESSEL,DRILLING,AOC CANCELLED,Norway,https://factpages.sodir.no/factpages/default.aspx?nav1=facility&nav2=PageView|Moveable|All&nav3=297082,297082,4070351.0,29.02.2024,22.05.2024
WEST PHOENIX,Seadrill Europe Management AS,SEMISUB STEEL,DRILLING,AOC OK,Panama,https://factpages.sodir.no/factpages/default.aspx?nav1=facility&nav2=PageView|Moveable|All&nav3=390874,390874,37710489.0,29.02.2024,22.05.2024
WEST VENTURE,North Atlantic Norway Ltd,SEMISUB STEEL,DRILLING,AOC CANCELLED,Norway,https://factpages.sodir.no/factpages/default.aspx?nav1=facility&nav2=PageView|Moveable|All&nav3=297055,297055,22507678.0,29.02.2024,22.05.2024
WEST VENTURE OLD,Smedvig Offshore AS,SEMISUB STEEL,,,Luxembourg,https://factpages.sodir.no/factpages/default.aspx?nav1=facility&nav2=PageView|Moveable|All&nav3=362494,362494,2359213.0,29.02.2024,22.05.2024
WEST VISION,Seadrill Offshore AS,SEMISUB STEEL,OIL PRODUCER,,Norway,https://factpages.sodir.no/factpages/default.aspx?nav1=facility&nav2=PageView|Moveable|All&nav3=289495,289495,4070351.0,29.02.2024,22.05.2024
WILLNOVATOR,COSL Drilling Europe AS,VESSEL,,,Norway,https://factpages.sodir.no/factpages/default.aspx?nav1=facility&nav2=PageView|Moveable|All&nav3=404524,404524,5125369.0,29.02.2024,22.05.2024
ZAPATA EXPLORER,Arethusa (Off-Shore) Ltd.,JACK-UP 3 LEGS,,,Norway,https://factpages.sodir.no/factpages/default.aspx?nav1=facility&nav2=PageView|Moveable|All&nav3=288901,288901,2783026.0,29.02.2024,22.05.2024
ZAPATA NORDIC,Arethusa (Off-Shore) Ltd.,JACK-UP 3 LEGS,,,Norway,https://factpages.sodir.no/factpages/default.aspx?nav1=facility&nav2=PageView|Moveable|All&nav3=288928,288928,2783026.0,29.02.2024,22.05.2024
